[{ "image": "https://pisces.bbystatic.com/image2/BestBuy_US/images/products/6395/6395424_rd.jpg;maxHeight=200;maxWidth=300", "prix": "$129.99", "description": "description 4.6 out of 5 stars with 462 reviews", "nom": "Elgato - Key Light Air LED Panel" }, { "image": "https://pisces.bbystatic.com/image2/BestBuy_US/images/products/6403/6403891_rd.jpg;maxHeight=200;maxWidth=300", "prix": "$34.99", "description": "description 4 out of 5 stars with 143 reviews", "nom": "Digipower - Follow ME Vlogging Kit for Phones and Cameras \u2013 Includes Microphone, LED light, Bluetooth remote, phone grip and tripod" }, { "image": "https://pisces.bbystatic.com/image2/BestBuy_US/images/products/6298/6298637_sd.jpg;maxHeight=200;maxWidth=300", "prix": "$89.99", "description": "description 4.7 out of 5 stars with 553 reviews", "nom": "Philips - Hue Play White & Color Ambiance Smart LED Bar Light - Multicolor" }, { "image": "https://pisces.bbystatic.com/image2/BestBuy_US/images/products/6427/6427739_sd.jpg;maxHeight=200;maxWidth=300", "prix": "$269.99", "description": "description 4.6 out of 5 stars with 940 reviews", "nom": "Philips - Hue Play Gradient Lightstrip 65\"" }, { "image": "https://pisces.bbystatic.com/image2/BestBuy_US/images/products/6468/6468313_sd.jpg;maxHeight=200;maxWidth=300", "prix": "$199.99", "description": "description 4.4 out of 5 stars with 68 reviews", "nom": "Nanoleaf - Elements Hexagons Smarter Kit (7 Panels) - Wood Look" }, { "image": "https://pisces.bbystatic.com/image2/BestBuy_US/images/products/6454/6454617_rd.jpg;maxHeight=200;maxWidth=300", "prix": "$18.99", "description": "description 4.4 out of 5 stars with 41 reviews", "nom": "Digipower - Trimate - Video Call Vlogging Light With Wireless Remote - Black" }, { "image": "https://pisces.bbystatic.com/image2/BestBuy_US/images/products/6408/6408767_rd.jpg;maxHeight=200;maxWidth=300", "prix": "$29.99", "description": "description 4.3 out of 5 stars with 828 reviews", "nom": "Tocad - Sunpak Self Storing Ring Light Vlogging Kit" }, { "image": "https://pisces.bbystatic.com/image2/BestBuy_US/images/products/6484/6484753_sd.jpg;maxHeight=200;maxWidth=300", "prix": "$179.99", "description": "description 4.5 out of 5 stars with 79 reviews", "nom": "Nanoleaf - Lines 60 Degrees Smarter Kit (9 Light Lines) - Multicolor" }, { "image": "https://pisces.bbystatic.com/image2/BestBuy_US/images/products/6287/6287459_rd.jpg;maxHeight=200;maxWidth=300", "prix": "$74.99", "description": "description 4.4 out of 5 stars with 988 reviews", "nom": "Sunpak - LED 448 19\" Bi-Color Ring Light Kit - Black" }, { "image": "https://pisces.bbystatic.com/image2/BestBuy_US/images/products/6493/6493239_rd.jpg;maxHeight=200;maxWidth=300", "prix": "$59.99", "description": "description 4.6 out of 5 stars with 217 reviews", "nom": "Logitech - Litra Glow Premium LED Streaming Light with TrueSoft, Adjustable mount and Desktop app control for PC/Mac - Graphite" }, { "image": "https://pisces.bbystatic.com/image2/BestBuy_US/images/products/5931/5931106_rd.jpg;maxHeight=200;maxWidth=300", "prix": "$175.99", "description": "description 4.5 out of 5 stars with 146 reviews", "nom": "Savage - LED Studio Light Kit" }, { "image": "https://pisces.bbystatic.com/image2/BestBuy_US/images/products/6414/6414880_sd.jpg;maxHeight=200;maxWidth=300", "prix": "$99.99", "description": "description 4.4 out of 5 stars with 149 reviews", "nom": "Philips - Geek Squad Certified Refurbished Hue Play White & Color Ambiance Smart LED Bar Light (2-Pack) - Multicolor" }, { "image": "https://pisces.bbystatic.com/image2/BestBuy_US/images/products/6520/6520378_rd.jpg;maxHeight=200;maxWidth=300", "prix": "$99.99", "description": "description 4.7 out of 5 stars with 94 reviews", "nom": "Logitech - Litra Beam Premium LED Streaming Light with TrueSoft Technology and Brightness/Color Temperature Settings - Black" }, { "image": "https://pisces.bbystatic.com/image2/BestBuy_US/images/products/6298/6298635_sd.jpg;maxHeight=200;maxWidth=300", "prix": "$159.99", "description": "description 4.7 out of 5 stars with 1974 reviews", "nom": "Philips - Hue Play Smart LED Bar Light (2-Pack) - White and Color Ambiance" }, { "color": "25'", "image": "https://pisces.bbystatic.com/image2/BestBuy_US/images/products/6503/6503422_sd.jpg;maxHeight=200;maxWidth=300", "prix": "$44.99", "description": "description 4.7 out of 5 stars with 338 reviews", "nom": "Govee - Wi-Fi RGBIC LED Strip Light - 25 feet - Multi" }, { "image": "https://pisces.bbystatic.com/image2/BestBuy_US/images/products/6426/6426520_sd.jpg;maxHeight=200;maxWidth=300", "prix": "$169.99", "description": "description 4.5 out of 5 stars with 380 reviews", "nom": "Nanoleaf - Shapes Hexagons Smarter Kit (7 Panels) - Multicolor" }, { "image": "https://pisces.bbystatic.com/image2/BestBuy_US/images/products/6415/6415102_sd.jpg;maxHeight=200;maxWidth=300", "prix": "$21.99", "description": "description 4.7 out of 5 stars with 236 reviews", "nom": "Philips - Hue A21 Bluetooth 100W LED Bulb - White" }, { "image": "https://pisces.bbystatic.com/image2/BestBuy_US/images/products/6426/6426519_rd.jpg;maxHeight=200;maxWidth=300", "prix": "$169.99", "description": "description 4.4 out of 5 stars with 271 reviews", "nom": "Nanoleaf - Shapes Triangles Smarter Kit (7 Panels) - Multicolor" } ,{ "image": "https://www.alliancelec.fr/131347-home_default/pave-led-600x600-32w-4000k.jpg", "nom": " PAVE LED 600X600 32W 4000K ", "description": " PANEL LED 600x600 UGR<19 BACKLIT 32W 3500LM 110LM/W 4000K IP20 IK02 ACIER ET PMMA IRC>80 NON DIMMABLE 50000H 5 ANS L70B50", "prix": "32,28 \u20acTTC" }, { "image": "https://www.alliancelec.fr/45997-home_default/dalle-600x600-pave-led-6000k.jpg", "nom": " Dalle 600x600 Pave Led 6000K ", "description": " Dalle 600x600 Pave Led 6000K VISION EL, Vendu par 2", "prix": "37,66 \u20acTTC" }, { "image": "https://www.alliancelec.fr/45987-home_default/spot-led-spryte-ip44-240v-orientable-6w-60-4000k-aurora.jpg", "nom": " Spot Led Spryte IP44 240V Orientable 6W 60\u00b0 4000K / Aurora ", "description": " Spot Led Spryte IP44 240V Orientable 6W 60\u00b0 4000K, Blanc Froid, gradable, pour Salle de bain, conforme \u00e0 la norme NFC 15-100", "prix": "26,16 \u20acTTC" }, { "image": "https://www.alliancelec.fr/45985-home_default/spot-led-spryte-ip44-240v-orientable-6w-60-3000k-aurora.jpg", "nom": " Spot Led Spryte IP44 240V Orientable 6W 60\u00b0 3000K / Aurora ", "description": " Spot Led Spryte IP44 240V Orientable 6W 60\u00b0 3000K, Blanc Chaud, gradable, pour Salle de bain, conforme \u00e0 la norme NFC 15-100", "prix": "25,34 \u20acTTC" }, { "image": "https://www.alliancelec.fr/45982-home_default/spot-led-spryte-ip44-240v-fixe-6w-60-4000k-aurora.jpg", "nom": " Spot Led Spryte IP44 240V Fixe 6W 60\u00b0 4000K / Aurora ", "description": " Spot Led Spryte IP44 240V Fixe 6W 60\u00b0 4000K, Blanc Froid, gradable, pour Salle de bain, conforme \u00e0 la norme NFC 15-100", "prix": "26,16 \u20acTTC" }, { "image": "https://www.alliancelec.fr/45891-home_default/lampe-a-poser-olaf-reine-des-neiges-paladone.jpg", "nom": " Lampe \u00e0 poser Olaf - Reine des neiges / Paladone ", "description": " Reine des neiges - Disney Lampe Olaf / Paladone Recharge sur batterie ou via c\u00e2ble USB Hauteur : 20 cm", "prix": "12,90 \u20acTTC" }, { "image": "https://www.alliancelec.fr/45887-home_default/stormtrooper-icon-light-disney-paladone.jpg", "nom": " Stormtrooper Icon Light - Disney / Paladone ", "description": " Icon Light Stormtrooper Star Wars - Disney\u00a0\u00a0Taille 12cm\u00a0Alimentation : 2 pile AAA (non fournies)", "prix": "12,99 \u20acTTC" }, { "image": "https://www.alliancelec.fr/45884-home_default/rey-icon-light-disney-paladone.jpg", "nom": " Rey Icon Light - Disney / Paladone ", "description": " Icon Light Rey Star Wars - Disney\u00a0\u00a0Taille 12cm\u00a0Alimentation : 2 pile AAA (non fournies)", "prix": "12,99 \u20acTTC" }, { "image": "https://www.alliancelec.fr/45881-home_default/chewbacca-icon-light-disney-paladone.jpg", "nom": " Chewbacca Icon Light - Disney / Paladone ", "description": " Icon Light Chewbacca Star Wars - Disney\u00a0\u00a0Taille 12cm\u00a0Alimentation : 2 pile AAA (non fournies)", "prix": "12,99 \u20acTTC" }, { "image": "https://www.alliancelec.fr/45269-home_default/spot-led-spryte-ip44-240v-fixe-6w-60-3000k-aurora.jpg", "nom": " Spot Led Spryte IP44 240V Fixe 6W 60\u00b0 3000K / Aurora ", "description": " Spot Led Spryte IP44 240V Fixe 6W 60\u00b0 3000K, Blanc Chaud, gradable, pour Salle de bain, conforme \u00e0 la norme NFC 15-100", "prix": "26,16 \u20acTTC" }, { "image": "https://www.alliancelec.fr/45132-home_default/figurine-lumineuse-mickey-pixel-pals.jpg", "nom": " Figurine lumineuse - Mickey / Pixel Pals ", "description": " Figurine Pixel pals Mickey \u00a0\u00a0Taille 15cm\u00a0 Dispose d'un interrupteur \u00e0 l'arri\u00e8re de la figurine afin de pouvoir illuminer le produit\u00a0Alimentation : 2 pile AAA (non fournies)", "prix": "12,49 \u20acTTC" }, { "image": "https://www.alliancelec.fr/45131-home_default/figurine-lumineuse-donald-pixel-pals.jpg", "nom": " Figurine lumineuse - Donald / Pixel Pals ", "description": " Figurine Pixel pals Donald\u00a0\u00a0\u00a0Taille 15cm\u00a0 Dispose d'un interrupteur \u00e0 l'arri\u00e8re de la figurine afin de pouvoir illuminer le produit\u00a0Alimentation : 2 pile AAA (non fournies)", "prix": "12,49 \u20acTTC" }, { "image": "https://www.alliancelec.fr/45130-home_default/figurine-lumineuse-super-mario-bros-3-pixel-pals.jpg", "nom": " Figurine lumineuse - Super Mario Bros 3 / Pixel Pals ", "description": " Figurine Pixel pals Super Mario Bros 3 \u00a0\u00a0Taille 15cm\u00a0 Dispose d'un interrupteur \u00e0 l'arri\u00e8re de la figurine afin de pouvoir illuminer le produit\u00a0Alimentation : 2 pile AAA (non fournies)", "prix": "12,49 \u20acTTC" }, { "image": "https://www.alliancelec.fr/45012-home_default/figurine-lumineuse-sonic-the-hedgehog-pixel-pals.jpg", "nom": " Figurine lumineuse - Sonic the Hedgehog / Pixel Pals ", "description": " Figurine Pixel pals Sonic the Hedgehog\u00a0Taille 15cm\u00a0 Dispose d'un interrupteur \u00e0 l'arri\u00e8re de la figurine afin de pouvoir illuminer le produit\u00a0Alimentation : 2 pile AAA (non fournies)", "prix": "12,49 \u20acTTC" }, { "image": "https://www.alliancelec.fr/45010-home_default/figurine-lumineuse-super-mario-world-pixel-pals.jpg", "nom": " Figurine lumineuse - Super Mario World / Pixel Pals ", "description": " Figurine Pixel pals Super Mario World\u00a0\u00a0Taille 15cm\u00a0 Dispose d'un interrupteur \u00e0 l'arri\u00e8re de la figurine afin de pouvoir illuminer le produit\u00a0Alimentation : 2 pile AAA (non fournies)", "prix": "12,49 \u20acTTC" }, { "image": "https://www.alliancelec.fr/44655-home_default/spot-a-encaster-led-18w-1530lm-osram.jpg", "nom": " Spot \u00e0 encaster LED 18W - 1530lm / Osram ", "description": " Spot \u00e0 encaster LED 18W 4000K - 1530lm Osram\u00a0Fr\u00e9quence du r\u00e9seau: 50/60Hz Temp. de couleur: 4000K Teinte de couleur: Blanc Froid Angle de rayonnement: 120\u00b0 Diam\u00e8tre: 225mm Diam\u00e8tre d'encastrement: 210mm Hauteur: 30mm Dur\u00e9e de vie: 30000h\u00a0Alimentation int\u00e9gr\u00e9e / IP20", "prix": "35,25 \u20acTTC" }, { "image": "https://www.alliancelec.fr/44554-home_default/kit-marina-led-spot-encastre-gu53-5w-alu-brosse-aurora.jpg", "nom": " Kit Marina LED spot encastr\u00e9 - GU5,3 - 5W - Finition Alu... ", "description": " Kit Marina LED - GU5,3 - 5W - Alu Bross\u00e9 / Aurora\u00a0 Kit spot encastr\u00e9 rond fixe IP65 sp\u00e9cial SDB GU3,55W500 lumensAluminium Bross\u00e9", "prix": "35,20 \u20acTTC" }, { "image": "https://www.alliancelec.fr/44477-home_default/spot-led-plafond-toronto-20w-1600-lumens-gtv.jpg", "nom": " Spot LED plafond TORONTO 20W - 1600 lumens / GTV ", "description": "", "prix": "8,90 \u20acTTC" }, { "image": "https://www.alliancelec.fr/44474-home_default/spot-led-plafond-volare-5w-400-lumens-gtv.jpg", "nom": " Spot LED plafond VOLARE 5W - 400 lumens / GTV ", "description": " GTV LUMINAIRE LED VOLARE, DE TYPE DOWNLIGHT, 5\u00a0W, 400\u00a0LM, AC175250\u00a0V, 50\u00a0/\u00a060\u00a0HZ, PF>0,5, RA>80, IP20, ANGLE D'\u00c9CLAIRAGE", "prix": "3,84 \u20acTTC" }, { "image": "https://www.alliancelec.fr/44473-home_default/dalle-led-40w-4400-lumens-gtv.jpg", "nom": " Dalle LED 40W 4400 lumens / GTV ", "description": " GTV PANNEAU LED GALAXY 4\u00a0W, 44\u00a0LM, AC2224\u00a0V, 5\u00a0/\u00a06\u00a0HZ, IP54, 6X6\u00a0CM, NEUTRE BLANC, BLANC", "prix": "64,30 \u20acTTC" }, { "image": "https://www.alliancelec.fr/131347-home_default/pave-led-600x600-32w-4000k.jpg", "nom": " PAVE LED 600X600 32W 4000K ", "description": " PANEL LED 600x600 UGR<19 BACKLIT 32W 3500LM 110LM/W 4000K IP20 IK02 ACIER ET PMMA IRC>80 NON DIMMABLE 50000H 5 ANS L70B50", "prix": "32,28 \u20acTTC" }, { "image": "https://www.alliancelec.fr/45997-home_default/dalle-600x600-pave-led-6000k.jpg", "nom": " Dalle 600x600 Pave Led 6000K ", "description": " Dalle 600x600 Pave Led 6000K VISION EL, Vendu par 2", "prix": "37,66 \u20acTTC" }, { "image": "https://www.alliancelec.fr/45987-home_default/spot-led-spryte-ip44-240v-orientable-6w-60-4000k-aurora.jpg", "nom": " Spot Led Spryte IP44 240V Orientable 6W 60\u00b0 4000K / Aurora ", "description": " Spot Led Spryte IP44 240V Orientable 6W 60\u00b0 4000K, Blanc Froid, gradable, pour Salle de bain, conforme \u00e0 la norme NFC 15-100", "prix": "26,16 \u20acTTC" }, { "image": "https://www.alliancelec.fr/45985-home_default/spot-led-spryte-ip44-240v-orientable-6w-60-3000k-aurora.jpg", "nom": " Spot Led Spryte IP44 240V Orientable 6W 60\u00b0 3000K / Aurora ", "description": " Spot Led Spryte IP44 240V Orientable 6W 60\u00b0 3000K, Blanc Chaud, gradable, pour Salle de bain, conforme \u00e0 la norme NFC 15-100", "prix": "25,34 \u20acTTC" }, { "image": "https://www.alliancelec.fr/45982-home_default/spot-led-spryte-ip44-240v-fixe-6w-60-4000k-aurora.jpg", "nom": " Spot Led Spryte IP44 240V Fixe 6W 60\u00b0 4000K / Aurora ", "description": " Spot Led Spryte IP44 240V Fixe 6W 60\u00b0 4000K, Blanc Froid, gradable, pour Salle de bain, conforme \u00e0 la norme NFC 15-100", "prix": "26,16 \u20acTTC" }, { "image": "https://www.alliancelec.fr/45891-home_default/lampe-a-poser-olaf-reine-des-neiges-paladone.jpg", "nom": " Lampe \u00e0 poser Olaf - Reine des neiges / Paladone ", "description": " Reine des neiges - Disney Lampe Olaf / Paladone Recharge sur batterie ou via c\u00e2ble USB Hauteur : 20 cm", "prix": "12,90 \u20acTTC" }, { "image": "https://www.alliancelec.fr/45887-home_default/stormtrooper-icon-light-disney-paladone.jpg", "nom": " Stormtrooper Icon Light - Disney / Paladone ", "description": " Icon Light Stormtrooper Star Wars - Disney\u00a0\u00a0Taille 12cm\u00a0Alimentation : 2 pile AAA (non fournies)", "prix": "12,99 \u20acTTC" }, { "image": "https://www.alliancelec.fr/45884-home_default/rey-icon-light-disney-paladone.jpg", "nom": " Rey Icon Light - Disney / Paladone ", "description": " Icon Light Rey Star Wars - Disney\u00a0\u00a0Taille 12cm\u00a0Alimentation : 2 pile AAA (non fournies)", "prix": "12,99 \u20acTTC" }, { "image": "https://www.alliancelec.fr/45881-home_default/chewbacca-icon-light-disney-paladone.jpg", "nom": " Chewbacca Icon Light - Disney / Paladone ", "description": " Icon Light Chewbacca Star Wars - Disney\u00a0\u00a0Taille 12cm\u00a0Alimentation : 2 pile AAA (non fournies)", "prix": "12,99 \u20acTTC" }, { "image": "https://www.alliancelec.fr/45269-home_default/spot-led-spryte-ip44-240v-fixe-6w-60-3000k-aurora.jpg", "nom": " Spot Led Spryte IP44 240V Fixe 6W 60\u00b0 3000K / Aurora ", "description": " Spot Led Spryte IP44 240V Fixe 6W 60\u00b0 3000K, Blanc Chaud, gradable, pour Salle de bain, conforme \u00e0 la norme NFC 15-100", "prix": "26,16 \u20acTTC" }, { "image": "https://www.alliancelec.fr/45132-home_default/figurine-lumineuse-mickey-pixel-pals.jpg", "nom": " Figurine lumineuse - Mickey / Pixel Pals ", "description": " Figurine Pixel pals Mickey \u00a0\u00a0Taille 15cm\u00a0 Dispose d'un interrupteur \u00e0 l'arri\u00e8re de la figurine afin de pouvoir illuminer le produit\u00a0Alimentation : 2 pile AAA (non fournies)", "prix": "12,49 \u20acTTC" }, { "image": "https://www.alliancelec.fr/45131-home_default/figurine-lumineuse-donald-pixel-pals.jpg", "nom": " Figurine lumineuse - Donald / Pixel Pals ", "description": " Figurine Pixel pals Donald\u00a0\u00a0\u00a0Taille 15cm\u00a0 Dispose d'un interrupteur \u00e0 l'arri\u00e8re de la figurine afin de pouvoir illuminer le produit\u00a0Alimentation : 2 pile AAA (non fournies)", "prix": "12,49 \u20acTTC" }, { "image": "https://www.alliancelec.fr/45130-home_default/figurine-lumineuse-super-mario-bros-3-pixel-pals.jpg", "nom": " Figurine lumineuse - Super Mario Bros 3 / Pixel Pals ", "description": " Figurine Pixel pals Super Mario Bros 3 \u00a0\u00a0Taille 15cm\u00a0 Dispose d'un interrupteur \u00e0 l'arri\u00e8re de la figurine afin de pouvoir illuminer le produit\u00a0Alimentation : 2 pile AAA (non fournies)", "prix": "12,49 \u20acTTC" }, { "image": "https://www.alliancelec.fr/45012-home_default/figurine-lumineuse-sonic-the-hedgehog-pixel-pals.jpg", "nom": " Figurine lumineuse - Sonic the Hedgehog / Pixel Pals ", "description": " Figurine Pixel pals Sonic the Hedgehog\u00a0Taille 15cm\u00a0 Dispose d'un interrupteur \u00e0 l'arri\u00e8re de la figurine afin de pouvoir illuminer le produit\u00a0Alimentation : 2 pile AAA (non fournies)", "prix": "12,49 \u20acTTC" }, { "image": "https://www.alliancelec.fr/45010-home_default/figurine-lumineuse-super-mario-world-pixel-pals.jpg", "nom": " Figurine lumineuse - Super Mario World / Pixel Pals ", "description": " Figurine Pixel pals Super Mario World\u00a0\u00a0Taille 15cm\u00a0 Dispose d'un interrupteur \u00e0 l'arri\u00e8re de la figurine afin de pouvoir illuminer le produit\u00a0Alimentation : 2 pile AAA (non fournies)", "prix": "12,49 \u20acTTC" }, { "image": "https://www.alliancelec.fr/44655-home_default/spot-a-encaster-led-18w-1530lm-osram.jpg", "nom": " Spot \u00e0 encaster LED 18W - 1530lm / Osram ", "description": " Spot \u00e0 encaster LED 18W 4000K - 1530lm Osram\u00a0Fr\u00e9quence du r\u00e9seau: 50/60Hz Temp. de couleur: 4000K Teinte de couleur: Blanc Froid Angle de rayonnement: 120\u00b0 Diam\u00e8tre: 225mm Diam\u00e8tre d'encastrement: 210mm Hauteur: 30mm Dur\u00e9e de vie: 30000h\u00a0Alimentation int\u00e9gr\u00e9e / IP20", "prix": "35,25 \u20acTTC" }, { "image": "https://www.alliancelec.fr/44554-home_default/kit-marina-led-spot-encastre-gu53-5w-alu-brosse-aurora.jpg", "nom": " Kit Marina LED spot encastr\u00e9 - GU5,3 - 5W - Finition Alu... ", "description": " Kit Marina LED - GU5,3 - 5W - Alu Bross\u00e9 / Aurora\u00a0 Kit spot encastr\u00e9 rond fixe IP65 sp\u00e9cial SDB GU3,55W500 lumensAluminium Bross\u00e9", "prix": "35,20 \u20acTTC" }, { "image": "https://www.alliancelec.fr/44477-home_default/spot-led-plafond-toronto-20w-1600-lumens-gtv.jpg", "nom": " Spot LED plafond TORONTO 20W - 1600 lumens / GTV ", "description": "", "prix": "8,90 \u20acTTC" }, { "image": "https://www.alliancelec.fr/44474-home_default/spot-led-plafond-volare-5w-400-lumens-gtv.jpg", "nom": " Spot LED plafond VOLARE 5W - 400 lumens / GTV ", "description": " GTV LUMINAIRE LED VOLARE, DE TYPE DOWNLIGHT, 5\u00a0W, 400\u00a0LM, AC175250\u00a0V, 50\u00a0/\u00a060\u00a0HZ, PF>0,5, RA>80, IP20, ANGLE D'\u00c9CLAIRAGE", "prix": "3,84 \u20acTTC" }, { "image": "https://www.alliancelec.fr/44473-home_default/dalle-led-40w-4400-lumens-gtv.jpg", "nom": " Dalle LED 40W 4400 lumens / GTV ", "description": " GTV PANNEAU LED GALAXY 4\u00a0W, 44\u00a0LM, AC2224\u00a0V, 5\u00a0/\u00a06\u00a0HZ, IP54, 6X6\u00a0CM, NEUTRE BLANC, BLANC", "prix": "64,30 \u20acTTC" }, { "image": "https://www.alliancelec.fr/44471-home_default/ruban-led-rvb-5m-avec-alim-telecommande-gestion-gtv.jpg", "nom": " Ruban LED RVB 5m avec Alim + Telecommande de gestion / GTV ", "description": " GTV KIT RUBAN RGB 5M AVEC TELECOMMANDE + CONTROLLER - 25W IP2", "prix": "39,74 \u20acTTC" }, { "image": "https://www.alliancelec.fr/45007-home_default/figurine-lumineuse-mario-racoon-pixel-pals.jpg", "nom": " Figurine lumineuse - Mario Racoon / Pixel Pals ", "description": " Figurine Pixel pals Mario Racoon \u00a0\u00a0Taille 15cm\u00a0 Dispose d'un interrupteur \u00e0 l'arri\u00e8re de la figurine afin de pouvoir illuminer le produit\u00a0Alimentation : 2 pile AAA (non fournies)", "prix": "12,45 \u20acTTC" }, { "image": "https://www.alliancelec.fr/44222-home_default/projecteur-musical-etoiles-elsa-reine-des-neiges-trousselier.jpg", "nom": " Projecteur musical \u00e9toiles Elsa - Reine des Neiges /... ", "description": " Projecteur musical \u00e9toiles Elsa - Reine des Neiges Projette des \u00e9toiles au plafond La figurine Elsa tourne sur elle-m\u00eame pendant la chanson \"Let it Go\"", "prix": "26,49 \u20acTTC" }, { "image": "https://www.alliancelec.fr/43602-home_default/kit-marina-led-spot-encastre-gu53-5w-aurora.jpg", "nom": " Kit Marina LED spot encastr\u00e9 - GU5,3 - 5W / Aurora ", "description": " Kit Marina LED - GU5,3 - 5W / Aurora\u00a0 Kit spot encastr\u00e9 rond fixe IP65 sp\u00e9cial SDB GU3,55W500 lumens", "prix": "37,99 \u20acTTC" }, { "image": "https://www.alliancelec.fr/43347-home_default/lampe-bureau-multifonctions-led-gtv.jpg", "nom": " Lampe de bureau multifonctions \u00e0 led - GTV ", "description": " Lampe de bureau multifonctions \u00e0 led GTV Thermom\u00e8tre - Horloge - Calendrier Intensit\u00e9 r\u00e9glable / Couleurs chaude & froide", "prix": "55,56 \u20acTTC" }, { "image": "https://www.alliancelec.fr/43346-home_default/lampe-bureau-rvb-led-gtv.jpg", "nom": " Lampe de bureau rvb \u00e0 led - GTV ", "description": " Lampe de bureau \u00e0 couleurs (RVB) orientable Contr\u00f4le de l'intensit\u00e9", "prix": "28,92 \u20acTTC" }, { "image": "https://www.alliancelec.fr/43038-home_default/applique-noir-powerled-38w-3000k.jpg", "nom": " APPLIQUE, NOIR, POWERLED 3.8W 3000K ", "description": " Appliqu\u00e9 led tension nominale\u00a0\u00a0 \u00a0240V classe de protection (IP)\u00a0\u00a0 \u00a0IP20 Source Incluse\u00a0\u00a0 \u00a0Oui Classe \u00e9lectrique I largeur\u00a0\u00a0 \u00a0130mm Puissance ECL\u00a0\u00a0 \u00a01W sortie de lumi\u00e8re\u00a0\u00a0 \u00a0direct Optique\u00a0\u00a0 \u00a0sym\u00e9trique mat\u00e9riau du couvercle\u00a0\u00a0 \u00a0plastique opalin", "prix": "189,90 \u20acTTC" }, { "image": "https://www.alliancelec.fr/43037-home_default/applique-alu-brosse-anodise-led-166w-3000k.jpg", "nom": " APPLIQUE, ALU BROSSE ANODISE, LED 16.6W 3000K ", "description": " Une magnifique t\u00eate de lit qui peut servir de double liseuse puisque l'appareil dispose d'une ampoule \u00e0 chaque extr\u00e9mit\u00e9. \u00a0Couleur : Gris. Avec un angle de rayonnement de 32\u00b0, les spots assurent une lumi\u00e8re de lecture cibl\u00e9e. Gr\u00e2ce \u00e0 l\u2019alimentation Led d\u00e9j\u00e0 int\u00e9gr\u00e9e, ce luminaire est pr\u00eat pour le raccordement direct \u00e0 la tension secteur 230V. Etiquette...", "prix": "719,90 \u20acTTC" }, { "image": "https://www.alliancelec.fr/43036-home_default/spot-led-applique-blanche-e27-led-3000k-slv.jpg", "nom": " SPOT LED, APPLIQUE, BLANCHE, E27, LED 3000K SLV ", "description": " Plafonnier /Applique murale Classe \u00e9lectrique\u00a0\u00a0 \u00a0I largeur\u00a0\u00a0 \u00a0260mm Puissance ECL\u00a0\u00a0 \u00a024W Culot\u00a0\u00a0 \u00a0E27 couleur du bo\u00eetier\u00a0\u00a0 \u00a0blanc type de tension\u00a0\u00a0 \u00a0AC/CC", "prix": "174,90 \u20acTTC" }, { "image": "https://www.alliancelec.fr/43035-home_default/spot-led-applique-noire-e27-led-3000k-slv.jpg", "nom": " Spot LED APPLIQUE, NOIRE, E27, LED 3000K, SLV ", "description": " Spot led appliqu\u00e9 murale appareil \u00e0 LED command\u00e9 en courant de la gamme SLV Voltagen 230V Kelvin 3000 K. Classe de protection\u00a0\u00a0 IP20. D'une puissance de 24 W", "prix": "179,90 \u20acTTC" }, { "image": "https://www.alliancelec.fr/43034-home_default/miroir-mural-led-2x-43w-3000k-ip44-slv.jpg", "nom": " MIROIR MURAL LED, 2X 4,3W, 3000K, IP44 SLV ", "description": " Le grand miroir lumineux Trukko \u00e9clairera chaleureusement votre salle de bain. 230V - IP44. Dimensions du grand miroir lumineux SLV 80 cm sur 60 cm", "prix": "369,90 \u20acTTC" }, { "image": "https://www.alliancelec.fr/42584-home_default/plafonnier-led-220-x-220-18w-4000k-saillie-vision-el.jpg", "nom": " PLAFONNIER LED 220 X 220 18W 4000\u00b0K saillie Vision-EL ", "description": " PLAFONNIER LED miidex / Vision EL 220 X 220 18W 4000\u00b0K (Blanc neutre), 1200 Lumens, installation en saillie", "prix": "27,20 \u20acTTC" }, { "image": "https://www.alliancelec.fr/42114-home_default/kit-pose-en-saillie-pour-plafonniers-60-x-60-cm.jpg", "nom": " KIT POSE EN SAILLIE POUR PLAFONNIERS 60 X 60 CM ", "description": " KIT Vision led / Miidex pour une POSE EN SAILLIE des PLAFONNIERS 60 X 60 CM, Kit Compatible avec 7750 / 7750B / 7751B / 7770B / 7768 / 7758 / 7771BC / 7772BC", "prix": "15,99 \u20acTTC" }, { "image": "https://www.alliancelec.fr/42113-home_default/kit-de-pose-en-saillie-pour-plafonniers-30-x-120-cm.jpg", "nom": " KIT DE POSE EN SAILLIE POUR PLAFONNIERS 30 X 120 CM ", "description": " KIT POSE MIIDEX VISION LED EN SAILLIE POUR PLAFONNIERS LED 30 X 120 CM, Dimensions (L x I x H) 300 x 1200 x 43 mm, Finition ext\u00e9rieure Blanche, Emballage\u00a0\u00a0 \u00a0type Boite, Poids Net de l'article 0.717 Kg, Kit Compatible avec\u00a0\u00a0 \u00a0le ref\u00e9rence VIsion Led 7759 / 7760 / 77604", "prix": "26,98 \u20acTTC" }, { "image": "https://www.alliancelec.fr/41785-home_default/distributeur-led-6-entrees-avec-mini-amp.jpg", "nom": " DISTRIBUTEUR LED 3 ENTREES AVEC MINI AMP ", "description": " Le connecteur\u00a0LZ-AKZ312-10N de la marque GTV \u00e0 3 entr\u00e9es. Ce connecteur vous sera tr\u00e8s utile dans le cadre du branchement de spot pour meubles. Il permet de r\u00e9aliser une connexion entre les spots et l'alimentation.\u00a0", "prix": "1,58 \u20acTTC" }, { "image": "https://www.alliancelec.fr/40981-home_default/para-380-avec-reflecteur-noir-e27-max-160w.jpg", "nom": " PARA 380 AVEC REFLECTEUR, NOIR, E27, MAX. 160W ", "description": " Cette lampe \u00e0 une puissance de 160 W pour une tension de 230 V. Ensemble de couleur noir. La douille est un E27, le type de protection est un IP20, la r\u00e9partition lumineuse est asym\u00e9trique. Diam\u00e8tre externe: 380 mm.", "prix": "147,90 \u20acTTC" }, { "image": "https://www.alliancelec.fr/40980-home_default/lustre-nostalgie-noir-e27-slpe.jpg", "nom": " LUSTRE NOSTALGIE NOIR E27 S/LPE ", "description": " Ce lustre int\u00e9rieur \u00e0 une puissance de 100 w, pour une tension de 230 V, le mat\u00e9riau utilis\u00e9 est l'acier \u00e9maill\u00e9, id\u00e9al pour une pi\u00e8ce tel que la cuisine. Douille E27, de couleur noir.", "prix": "269,90 \u20acTTC" }, { "image": "https://www.alliancelec.fr/40977-home_default/projecteur-encastre-blanc-led-ho-4000k-28w-27.jpg", "nom": " PROJECTEUR ENCASTRE BLANC, LED HO 4000K 28W 27 ", "description": " Ce projecteur encastr\u00e9 blanc \u00e0 une temp\u00e9rature de couleur de 4000, une source lumineuse LED HO, le type de diffusion est simple, la puissance est de 22w, pour un indice de protection IP20", "prix": "126,91 \u20acTTC" }, { "image": "https://www.alliancelec.fr/40976-home_default/metropolis-led-blc-45w4200k.jpg", "nom": " METROPOLIS LED BLC 45W/4200K ", "description": " La puissance de se spot Led est de 45W, pour une intensit\u00e9 lumineuse de 4200 K et un flux lumineux de 4100 lm, ce qui vous garanti une capacit\u00e9 \u00e9clairante tr\u00e8s importante.", "prix": "216,90 \u20acTTC" }, { "image": "https://www.alliancelec.fr/40975-home_default/greenspace-accent-gridlight-led27s830-pse-e.jpg", "nom": " GREENSPACE ACCENT GRIDLIGHT LED27S/830 PSE-E ", "description": " Le Spot LED GREENSPACE plafonnier peut servir d'alimentation externe pour un \u00e9clairage de s\u00e9curit\u00e9. Avec un faisceau 24DEG et un syst\u00e8me flux de 2700 lm.", "prix": "478,80 \u20acTTC" }, { "image": "https://www.alliancelec.fr/40974-home_default/led-mural-40d-g2-fs1-osram.jpg", "nom": " Led mural 40D-G2 FS1 OSRAM ", "description": " La gamme Osram cherche constamment \u00e0 innover en proposant des produits de qualit\u00e9s. Fournissant une luminosit\u00e9 efficace tout en pensant \u00e0 la plan\u00e8te", "prix": "139,90 \u20acTTC" }, { "image": "https://www.alliancelec.fr/40972-home_default/led-projecteur-3-phases-blanc-led-4000k-28w.jpg", "nom": " LED PROJECTEUR 3 PHASES BLANC, LED 4000K 28W ", "description": " La led projecteur peut \u00eatre utilis\u00e9 pour \u00e9clair\u00e9 un endroit pr\u00e9cis d'une pi\u00e8ce. Avec une puissance de 28 W et une intensit\u00e9 lumineuse de 4000 K", "prix": "237,90 \u20acTTC" }, { "image": "https://www.alliancelec.fr/40956-home_default/para-cone-40-suspension-ronde-noir-laque-max-60w.jpg", "nom": " PARA CONE 40, SUSPENSION RONDE, NOIR LAQUE, MAX. 60W ", "description": " La suspension PARA CONE 40 230 V est munie d'un tr\u00e8s grand abat-jour disponible en plusieurs versions de couleur. En plus des composants en aluminium de qualit\u00e9 sup\u00e9rieure utilis\u00e9s, la suspension PARA CONE 40 est dot\u00e9e d'un c\u00e2ble de raccordement gain\u00e9 de textile rouge.", "prix": "249,90 \u20acTTC" }, { "image": "https://www.alliancelec.fr/40953-home_default/rotoball-swing-50-e27-24w-suspension-blanche.jpg", "nom": " ROTOBALL SWING 50, E27 24W, SUSPENSION, BLANCHE ", "description": " Fonctionnelle et esth\u00e9tique, la suspension ROTOBALL SWING 50 outdoor. La suspension ROTOBALL SWING 50 cr\u00e9e une atmosph\u00e8re agr\u00e9able et unique.", "prix": "322,90 \u20acTTC" }, { "image": "https://www.alliancelec.fr/40952-home_default/rotoball-swing-40-suspension-blanche-e27.jpg", "nom": " ROTOBALL SWING 40, SUSPENSION, BLANCHE, E27 ", "description": " Fonctionnelle et esth\u00e9tique, la suspension ROTOBALL SWING 40\u00a0sph\u00e8re, blanche/gris argent\u00e9, \u00d8 40 cm, max. 24 W outdoor est pourvue d'une\u00a0 cha\u00eene et d'un mousqueton pour un usage ext\u00e9rieur \u00e9galement.\u00a0 La suspension outdoor est livr\u00e9e avec un c\u00e2ble de 2,5 m de long et peut \u00eatre directement branch\u00e9e sur le r\u00e9seau 230 V.", "prix": "249,90 \u20acTTC" }, { "image": "https://www.alliancelec.fr/40949-home_default/rotoball-swing-25-suspension-blanche-e27.jpg", "nom": " ROTOBALL SWING 25, SUSPENSION, BLANCHE, E27 ", "description": " Fonctionnelle et esth\u00e9tique, la suspension ROTOBALL SWING 25 outdoor est pourvue d'une cha\u00eene et d'un mousqueton pour un usage ext\u00e9rieur \u00e9galement.\u00a0 Sph\u00e8re, blanche/gris argent\u00e9, \u00d8 25 cm, max. 24 W", "prix": "169,90 \u20acTTC" }, { "image": "https://www.alliancelec.fr/40945-home_default/rotoball-50-suspension-gris-argentblanc-e27.jpg", "nom": " ROTOBALL 50 SUSPENSION, GRIS ARGENT/BLANC, E27 ", "description": " La suspension sph\u00e9rique 230 V ROTOBALL 50 se compose d'un abat-jour en plastique r\u00e9sistant aux temp\u00e9ratures, rehauss\u00e9 d'un support en acier gris argent\u00e9. Cette lampe convient pour les ampoules des classes d'efficacit\u00e9 \u00e9nerg\u00e9tique : A - A+. TC-TSE, gris argent\u00e9/blanc, \u00d8 50 cm, max. 24 W", "prix": "262,90 \u20acTTC" }, { "image": "https://www.alliancelec.fr/40944-home_default/rotoball-40-suspension-blanc-e27-max-24w.jpg", "nom": " ROTOBALL 40 SUSPENSION, BLANC, E27, MAX. 24W ", "description": " La suspension sph\u00e9rique 230 V ROTOBALL 40 se compose d'un abat-jour en plastique r\u00e9sistant aux temp\u00e9ratures, rehauss\u00e9 d'un support en acier gris argent\u00e9. Cette lampe convient pour les ampoules des classes d'efficacit\u00e9 \u00e9nerg\u00e9tique : A - A+", "prix": "189,90 \u20acTTC" }, { "image": "https://www.alliancelec.fr/40942-home_default/cariso-wl-2-applique-noirlaiton-led-75w-3000k.jpg", "nom": " CARISO WL- 2, APPLIQUE, COULEUR LAITON, LED 7,5W, 3000K ", "description": " L'applique CARISO WL-2 fascine d'une puissance de 7,6 par sa forme exceptionnelle et avec sa forte valeur de reconnaissance. L'int\u00e9rieur du bo\u00eetier en laiton en combinaison avec les LED Premium incorpor\u00e9es, garantit un effet lumineux particuli\u00e8rement chaud. Laiton", "prix": "214,90 \u20acTTC" }, { "image": "https://www.alliancelec.fr/40943-home_default/cariso-wl-2-applique-noirlaiton-led-75w-3000k.jpg", "nom": " CARISO WL- 2, APPLIQUE, BLANC/LAITON, LED 7,5W, 3000K ", "description": " \u00a0L'int\u00e9rieur du bo\u00eetier en laiton en combinaison avec les LED Premium incorpor\u00e9es, garantit un effet lumineux particuli\u00e8rement chaud. L'applique CARISO WL-2 fascine par sa forme exceptionnelle et avec sa forte valeur de reconnaissance. Couleur 3000, pour une puissance de 7,6 W", "prix": "208,90 \u20acTTC" }, { "image": "https://www.alliancelec.fr/40934-home_default/cariso-wl-2-applique-noirlaiton-led-75w-3000k.jpg", "nom": " CARISO WL- 2, APPLIQUE, NOIR/LAITON, LED 7,5W, 3000K ", "description": " L'applique CARISO WL-2 fascine par sa forme exceptionnelle et avec sa forte valeur de reconnaissance. L'int\u00e9rieur du bo\u00eetier en laiton en combinaison avec les LED Premium incorpor\u00e9es, garantit un effet lumineux particuli\u00e8rement chaud.", "prix": "219,90 \u20acTTC" }, { "image": "https://www.alliancelec.fr/40931-home_default/cariso-1-applique-noirlaiton-led-76w-3000k.jpg", "nom": " Cariso 1. led 7.6w. 3000k applique. laiton. ", "description": " L'applique CARISO WL-1 fascine par sa forme exceptionnelle et avec sa forte valeur de reconnaissance.Avec une couleur de 3000 K.", "prix": "217,90 \u20acTTC" }, { "image": "https://www.alliancelec.fr/40924-home_default/cariso-1-applique-noirlaiton-led-76w-3000k.jpg", "nom": " Cariso 1. led 7.6w. 3000k applique. blanc/laiton. ", "description": " L'applique CARISO WL-1 fascine par sa forme exceptionnelle et avec sa forte valeur de reconnaissance.Avec une couleur de 3000 K.", "prix": "209,90 \u20acTTC" }, { "image": "https://www.alliancelec.fr/40915-home_default/cariso-1-applique-noirlaiton-led-76w-3000k.jpg", "nom": " Cariso 1. applique. noir/laiton. led 7.6w. 3000k ", "description": " L'applique CARISO WL-1 fascine par sa forme exceptionnelle et avec sa forte valeur de reconnaissance.Avec une couleur de 3000 K. Pour une tension de 230 V", "prix": "227,90 \u20acTTC" }, { "image": "https://www.alliancelec.fr/40914-home_default/rotoball-25-suspension-gris-argentblanc-e27.jpg", "nom": " ROTOBALL 25, SUSPENSION, GRIS ARGENT/BLANC, E27 ", "description": " La suspension sph\u00e9rique 230 V ROTOBALL 25 se compose d'un abat-jour en plastique r\u00e9sistant aux temp\u00e9ratures, rehauss\u00e9 d'un support en acier gris argent\u00e9. Maximum 24 w.", "prix": "159,90 \u20acTTC" }, { "image": "https://www.alliancelec.fr/40913-home_default/pentuli-led-24-suspension-petit-diametre-blanche-31w.jpg", "nom": " PENTULI LED 24, SUSPENSION, PETIT DIAMETRE, BLANCHE, 31W ", "description": " La suspension PENTULI au design classique est disponible en blanc, et est \u00e9quip\u00e9e d'un module LED puissant avec un angle de rayonnement de 30\u00b0.", "prix": "314,90 \u20acTTC" }, { "image": "https://www.alliancelec.fr/40912-home_default/pentuli-led-24-suspension-petit-diametre-noire-31w-3000.jpg", "nom": " PENTULI LED 24, SUSPENSION, PETIT DIAMETRE, NOIRE, 31W, 3000 ", "description": " La suspension PENTULI au design classique est disponible en noir, et est \u00e9quip\u00e9e d'un module LED puissant avec un angle de rayonnement de 30\u00b0. 3000 K, pat\u00e8re noire, 31 W", "prix": "324,90 \u20acTTC" }, { "image": "https://www.alliancelec.fr/40911-home_default/pentuli-led-38-suspension-grand-diametre-noire-43w-3000.jpg", "nom": " PENTULI LED 38, SUSPENSION, GRAND DIAMETRE, COULEUR Noir,... ", "description": " La suspension PENTULI au design classique est disponible en blanc, et est \u00e9quip\u00e9e d'un module LED puissant avec un angle de rayonnement de 35\u00b0. 3000 K, pat\u00e8re blanc, 43 W.", "prix": "409,90 \u20acTTC" }, { "image": "https://www.alliancelec.fr/40909-home_default/pentuli-led-38-suspension-grand-diametre-noire-43w-3000.jpg", "nom": " PENTULI LED 38, SUSPENSION, GRAND DIAMETRE, NOIRE, 43W, 3000 ", "description": " La suspension PENTULI au design classique est disponible en noir, et est \u00e9quip\u00e9e d'un module LED puissant avec un angle de rayonnement de 35\u00b0. 3000 K, pat\u00e8re noire, 43 W.", "prix": "409,90 \u20acTTC" }, { "image": "https://www.alliancelec.fr/40906-home_default/encastre-de-plafond-rond-occuldas-23-blanc-led-3000k-22w.jpg", "nom": " ENCASTRE DE PLAFOND ROND OCCULDAS 23 , BLANC, LED 3000K, 22W ", "description": " Le plafonnier encastr\u00e9 OCCULDAS 23 exclusif et dimmable, L'\u00e9cran au milieu assure un \u00e9clairage d'ambiance non \u00e9blouissant, 3000 K, rond, blanc, 25 W", "prix": "315,90 \u20acTTC" }, { "image": "https://www.alliancelec.fr/40902-home_default/plafonnier-occuldas-23-led-rond-blanc-3000k.jpg", "nom": " PLAFONNIER OCCULDAS 23 LED, ROND, BLANC, 3000K ", "description": " Le plafonnier apparent OCCULDAS 23 exclusif et dimmable, qui porte la griffe David Morgan dispose d'une LED Premium. LED, 3000 K, rond, blanc, 25 W", "prix": "289,90 \u20acTTC" }, { "image": "https://www.alliancelec.fr/40899-home_default/spot-encastre-downlight-23-4000k-rond-blanc-sans-driver-33-w.jpg", "nom": " SPOT ENCASTR\u00c9 DOWNLIGHT 23, 4000K, rond, blanc, sans... ", "description": " Le DOWNLIGHT 23 est \u00e9quip\u00e9 d'une LED SMD incorpor\u00e9e de 33W. 4000K, rond, blanc, sans driver.", "prix": "229,90 \u20acTTC" }, { "image": "https://www.alliancelec.fr/40897-home_default/downlight-703-rond-blanc-33w-smd-led-3000k.jpg", "nom": " DOWNLIGHT 70/3, ROND, BLANC, 33W, SMD LED, 3000K ", "description": " Le DOWNLIGHT 23 est \u00e9quip\u00e9 d'une LED SMD incorpor\u00e9e avec une puissance de 33W. De forme ronde, blanc, 3000 K, sans driver.", "prix": "229,90 \u20acTTC" }, { "image": "https://www.alliancelec.fr/40894-home_default/downlight-603-rond-blanc-27w-smd-led-4000k.jpg", "nom": " DOWNLIGHT 60/3, ROND, BLANC, 27W, SMD LED, 4000K ", "description": " \u00a0Le spot led encasrtr\u00e9 d'une puissance de 28w. Gr\u00e2ce au driver LED incorpor\u00e9, le LED DOWNLIGHT 60/3 peut directement \u00eatre branch\u00e9 au r\u00e9seau 230 V. 4000 K, rond, blanc", "prix": "219,90 \u20acTTC" }, { "image": "https://www.alliancelec.fr/40891-home_default/downlight-603-rond-encastre-blanc-27w-smd-led-3000k.jpg", "nom": " DOWNLIGHT 60/3, ROND, ENCASTRE, BLANC, 27W, SMD LED, 3000K ", "description": " Le DOWNLIGHT 23 est \u00e9quip\u00e9 d'une LED SMD incorpor\u00e9e de 28 W. LED, 3000 K, rond, blanc, 28 W, 230 V.", "prix": "219,90 \u20acTTC" }, { "image": "https://www.alliancelec.fr/40887-home_default/spot-encastre-23-rond-blanc-18w-smd-led-4000k.jpg", "nom": " Spot encastr\u00e9 23, ROND, BLANC, 18W, SMD LED, 4000K ", "description": " Le DOWNLIGHT 23 est \u00e9quip\u00e9 d'une LED SMD incorpor\u00e9e de 20W. Le spot encastr\u00e9 r\u00e9alis\u00e9 en aluminium et plastique. 4000K, rond, blanc.", "prix": "176,90 \u20acTTC" }, { "image": "https://www.alliancelec.fr/40885-home_default/vissardo-miroir-cosmetique-a-poser-led-55w-3000k.jpg", "nom": " VISSARDO, MIROIR COSMETIQUE A POSER LED, 5,5W, 3000K ", "description": " La lampe de table VISSARDO chrome, 3000 K, driver LED est \u00e9quip\u00e9e d'un miroir cosm\u00e9tique pivotant et inclinable et d'une face avec grossissement triple.", "prix": "216,90 \u20acTTC" }, { "image": "https://www.alliancelec.fr/40882-home_default/miroir-mural-cosmetique-led-58w-3000k-ip44.jpg", "nom": " MIROIR MURAL COSMETIQUE LED, 5,8W, 3000K, IP44 ", "description": " Le miroir cosm\u00e9tique VISSARDO 3000 K, chrome/blanc, h : 60 cm, driver LED incl. est fix\u00e9 avec trois articulations \u00e0 deux bras mobiles pivotants de 355\u00b0. Ceci permet de le rapprocher ais\u00e9ment et de le replier contre le mur apr\u00e8s utilisation.", "prix": "212,90 \u20acTTC" }, { "image": "https://www.alliancelec.fr/40879-home_default/trukko-60-applique-led-2w-ip44-chromeblanc.jpg", "nom": " TRUKKO 60, APPLIQUE LED, 2W, IP44, CHROME/BLANC ", "description": " Le design \u00e9l\u00e9gant et effil\u00e9 de l'applique TRUKKO 60 LED, 3000 K, chrome/blanc, h : 60 cm, driver LED incl. En plastique blanc avec des parties en fonte de zinc chrom\u00e9e a une forte valeur de reconnaissance.", "prix": "186,90 \u20acTTC" }, { "image": "https://www.alliancelec.fr/40875-home_default/trukko-90-applique-led-2w-ip44-chromeblanc.jpg", "nom": " TRUKKO 90, APPLIQUE LED, 2W, IP44, CHROME/BLANC ", "description": " Le design \u00e9l\u00e9gant et effil\u00e9 de l'applique TRUKKO 90 en plastique blanc avec des parties en fonte de zinc chrom\u00e9e a une forte valeur de reconnaissance. 3000 K, chrome/blanc, h : 90 cm, driver LED", "prix": "201,90 \u20acTTC" }, { "image": "https://www.alliancelec.fr/40874-home_default/devinsimple-applique-rondechrome-verre-satine-e14-max1.jpg", "nom": " DEVINSIMPLE, APPLIQUE, RONDE,CHROME, VERRE SATINE, E14 MAX.1 ", "description": " L'applique DEVIN 230 V en acier chrom\u00e9 est pourvue d'un cylindre en verre satin\u00a0\u00e0 1 lampe, LED E14, ronde, chrome, verre satin\u00e9, 6,7 x 9,4 x 24 cm (Lxlxh), 12.", "prix": "129,90 \u20acTTC" }, { "image": "https://www.alliancelec.fr/40867-home_default/spot-encastre-downlight-23-blanc-chaud-20w.jpg", "nom": " SPOT ENCASTR\u00c9 DOWNLIGHT 23 blanc chaud, 20W ", "description": " SPOT ENCASTR\u00c9 DOWNLIGHT 23 blanc chaud, 20W. Gr\u00e2ce au driver LED incorpor\u00e9, le DONWLIGHT 23 peut directement \u00eatre branch\u00e9 au r\u00e9seau 230 V.", "prix": "176,90 \u20acTTC" }, { "image": "https://www.alliancelec.fr/40864-home_default/downlight-20-rond-blanc-15w-smd-led-4000k.jpg", "nom": " DOWNLIGHT 20, ROND, BLANC, 15W, SMD LED, 4000K ", "description": " Le spot encastr\u00e9 r\u00e9alis\u00e9 en aluminium et plastique est disponible avec une couleur de lumi\u00e8re blanc neutre, 4000K, rond, 15W", "prix": "132,90 \u20acTTC" }, { "image": "https://www.alliancelec.fr/40861-home_default/downlight-20-rond-blanc-15w-smd-led-3000k.jpg", "nom": " DOWNLIGHT 20, ROND, BLANC, 15W, SMD LED, 3000K ", "description": " Le DOWNLIGHT 20 est \u00e9quip\u00e9 d'une LED SMD incorpor\u00e9e de 15W. Le spot encastr\u00e9 r\u00e9alis\u00e9 en aluminium et plastique est disponible avec une couleur de lumi\u00e8re blanc chaud.", "prix": "132,90 \u20acTTC" }, { "image": "https://www.alliancelec.fr/40857-home_default/led-applique-chrome-verre-satine-coupa-flex-1xg9-max-40w.jpg", "nom": " LED APPLIQUE, CHROME, VERRE SATINE, COUPA FLEX, 1XG9 MAX.... ", "description": " L'applique COUPA FLEX se d\u00e9marque par un m\u00e9lange r\u00e9ussi d'\u00e9l\u00e9ments en acier chrom\u00e9 et verre et est \u00e9quip\u00e9e d'une liseuse dot\u00e9e de LED de puissance de 1 W blanc chaud en plus de la source lumineuse principale.", "prix": "226,90 \u20acTTC" }, { "image": "https://www.alliancelec.fr/40853-home_default/plastra-box-3-plafonnier-carre-platre-blanc-3x-gu10-max.jpg", "nom": " PLASTRA BOX 3 PLAFONNIER, CARRE, PLATRE BLANC, 3X GU10 , MAX ", "description": " Comme tous les luminaires en pl\u00e2tre, la lampe PLASTA BOX peut \u00eatre peinte \u00e0 l'aide d'une peinture murale au choix, apr\u00e8s application d'un primaire.", "prix": "194,90 \u20acTTC" }, { "image": "https://www.alliancelec.fr/40852-home_default/plastra-box-2-plafonnier-carre-platre-blanc-2x-gu10-max.jpg", "nom": " PLASTRA BOX 2 PLAFONNIER, CARRE, PLATRE BLANC, 2X GU10 , MAX ", "description": " La lampe peut \u00eatre raccord\u00e9e directement au r\u00e9seau 230 V. Avec une t\u00eate d'\u00e9clairage pivotante et inclinable, la lampe peut \u00eatre orient\u00e9e exactement selon les besoins. Produit garanti 2 ans.", "prix": "139,90 \u20acTTC" }, { "image": "https://www.alliancelec.fr/40851-home_default/plafonnier-plastra-box-gu10-max-35.jpg", "nom": " PLAFONNIER PLASTRA BOX GU10, MAX. 35 ", "description": " Con\u00e7ue pour recevoir jusqu'\u00e0 trois ampoules halog\u00e8nes ou LED GU10, en fonction du mod\u00e8le, la lampe peut \u00eatre raccord\u00e9e directement au r\u00e9seau 230 V.", "prix": "102,90 \u20acTTC" }, { "image": "https://www.alliancelec.fr/40848-home_default/plastra-plafonnier-carre-platre-blanc-gu10-max-35w.jpg", "nom": " PLASTRA PLAFONNIER, CARRE, PLATRE BLANC, GU10, MAX. 35W ", "description": " La lampe peut directement \u00eatre branch\u00e9e au r\u00e9seau 230 V. Le papier de verre fourni permet de nettoyer sa surface.", "prix": "74,90 \u20acTTC" }, { "image": "https://www.alliancelec.fr/40844-home_default/plastra-cube-applique-carre-platre-blanc-g9-max-42w.jpg", "nom": " PLASTRA CUBE APPLIQUE, CARRE, PLATRE BLANC, G9, MAX. 42W ", "description": " Avec le luminaire en pl\u00e2tre PLASTRA, vous disposez d'une applique UP/DOWN exclusive aux formes pures et claires. Pr\u00e9par\u00e9e pour une ampoule halog\u00e8ne G9 ou une ampoule LED r\u00e9trofit", "prix": "66,90 \u20acTTC" }]