[{"image": "https://sn.jumia.is/unsafe/fit-in/300x300/filters:fill(white)/product/86/052511/1.jpg?3643", "title": "P47 Casque Audio Bluetooth - P47 + EDR - Version 2022 - couleur Noir", "price": "10 000 FCFA"}, {"image": "https://sn.jumia.is/unsafe/fit-in/300x300/filters:fill(white)/product/87/883911/1.jpg?8226", "title": "Tecno Spark 10 - 6.6\" - ROM 128Go - RAM 8Go Extensible Jusqu'\u00e0 16 Go - Photo 50MP - 5000mAh- Garantie 12 Mois - Bleu - Garantie 12 mois", "price": "100 000 FCFA"}, {"image": "https://sn.jumia.is/unsafe/fit-in/300x300/filters:fill(white)/product/15/498911/1.jpg?7819", "title": "Tecno Camon 20 - 6.67\"- 256Go - 8Go - 64 Mpx - - 5000mAh - Android 13 - Bleu - Garantie 12 mois", "price": "116 700 FCFA"}, {"image": "https://sn.jumia.is/unsafe/fit-in/300x300/filters:fill(white)/product/38/041611/1.jpg?4685", "title": "Generic Smart Watch D18 Pour Sport Avec Moniteur de fr\u00e9quence Cardiaque DARK BLUE", "price": "3 900 FCFA"}, {"image": "https://sn.jumia.is/unsafe/fit-in/300x300/filters:fill(white)/product/39/383811/2.jpg?1235", "title": "VILLAON V100 - 1.8\" - ROM 4Mo - RAM 4Mo - Dual SIM - 1000mAh - Noir", "price": "4 500 FCFA"}, {"image": "https://sn.jumia.is/unsafe/fit-in/300x300/filters:fill(white)/product/36/921811/1.jpg?8485", "title": "XIAOMI Redmi Note 11 - 4Go RAM - 128 Go - 2 SIM - Noir", "price": "114 900 FCFA"}, {"image": "https://sn.jumia.is/unsafe/fit-in/300x300/filters:fill(white)/product/17/336811/1.jpg?0965", "title": "Easy Tablette Enfant - Ecran 7\" - ROM 8Go - RAM 1Go - 2500mAh - Blanc", "price": "18 900 FCFA"}, {"image": "https://sn.jumia.is/unsafe/fit-in/300x300/filters:fill(white)/product/46/139811/1.jpg?9007", "title": "Tecno POP 7 Pro - 4G - Ecran 6.6\" - ROM 64Go - Ram 4Go - Cam\u00e9ra front 5MP Camera arriere 13MP - Batterie 5000mAh - Bleu - Garantie 12 mois", "price": "58 600 FCFA"}, {"image": "https://sn.jumia.is/unsafe/fit-in/300x300/filters:fill(white)/product/26/59729/1.jpg?6712", "title": "Epad Tablette Enfant - Ecran 7 ROM 16GO RAM 1 GO - Cam\u00e9ra 2Mpx - Batterie 2500 mAh + Pochette", "price": "45 000 FCFA"}, {"image": "https://encrypted-tbn2.gstatic.com/shopping?q=tbn:ANd9GcQMlvJg3B7LMM68G-PPo2l_SiPuDxg_NoXGuf84Fyg-nUagK1NbAJWMOKuMpg6iSVdnrZD9izqS&usqp=CAE", "title": "Apple iPhone 2g 8GB (Black)", "price": "$59,000.00"}, {"image": "https://encrypted-tbn0.gstatic.com/shopping?q=tbn:ANd9GcROPB-z-m_rTGBHTxjTN-OzAy3JcU0AmXiHtv1hJ7nZz5R5mOyivAumptEULzoKpu_omDSMbU_b&usqp=CAE", "title": "Apple iPhone 14 Pro Max (256 GB, Space Black)", "price": "$1,330.09"}, {"image": "https://encrypted-tbn0.gstatic.com/shopping?q=tbn:ANd9GcTy1uL_DsZJ1q0-tbIxql8-KHl9GN6efkrtocYE8YLeKhgvtX6AUsTEsAIJmiXhzNr9Q1RF1lk&usqp=CAE", "title": "Apple Iphone 1st Generation - 8gb - Black (unlocked) A1203 (gsm)", "price": "$1,299.99 used"}, {"image": "https://encrypted-tbn3.gstatic.com/shopping?q=tbn:ANd9GcT96pb8Gi7R0QWymbJF9RjogT8K8GTQz2h0m7juwGfyu_3ikTut9UnInvM9yLGvd1ATxfrxHg&usqp=CAE", "title": "Apple Iphone 14 Red 128gb-ypt 128 Gb", "price": "$1,065.95"}, {"image": "https://encrypted-tbn0.gstatic.com/shopping?q=tbn:ANd9GcR5VPf33oG1TH6XjWdB6fWJzcaVPcur60B4uqoLIBHqqKb_ngF0XXqY6q7-8B81fYzgaCdmmQU&usqp=CAE", "title": "Apple iPhone 13 - 512 GB - Pink", "price": "$1,029.00"}, {"image": "https://encrypted-tbn2.gstatic.com/shopping?q=tbn:ANd9GcRqantMrHhaDqpVm5AkSSY0SJJHNvY5ePxZ3Tw7EENLgkJ4lPUFOL7yOntOhC7TCDzuBdt-1D4&usqp=CAE", "title": "Apple iPhone 13 128GB 6.1 Green", "price": "$998.95"}, {"image": "https://encrypted-tbn0.gstatic.com/shopping?q=tbn:ANd9GcQkoaCYF_xo1FFkjT8-G0ie4WoDEbhQwSuVXlVtb9gnszN-D46bbRdGE42Q&usqp=CAE", "title": "Apple Iphone 13 6.1-inch 128gb Real Dual Sim Hong Kong A2634 5g", "price": "$968.00"}, {"image": "https://encrypted-tbn1.gstatic.com/shopping?q=tbn:ANd9GcTzLfeu7wtumR--Mjkgmk1LjxMpLiehsKUCHppV1wh2rGEyDcZAnZuUvhEQTro&usqp=CAE", "title": "Apple iPhone 14 Plus - 128 GB - Yellow - Unlocked", "price": "$929.00"}, {"image": "https://encrypted-tbn1.gstatic.com/shopping?q=tbn:ANd9GcTDvxlUoxthi9Vh_nBSX6sD-8OI1_bHvjGF9BKlixmetlYD_PCyCAe4dX4Argw&usqp=CAE", "title": "Apple iPhone 14 256GB Blue", "price": "$929.00"}, {"image": "https://encrypted-tbn3.gstatic.com/shopping?q=tbn:ANd9GcT4iqhDFAs2j31aX9w-AzZVS7AQNEbGEylXm7kh7VOZi6ZckzOEcOwkyDZwRPNwdrshOoeKBBE&usqp=CAE", "title": "Apple iPhone 14 Red / 128 GB", "price": "$899.99"}, {"image": "https://encrypted-tbn3.gstatic.com/shopping?q=tbn:ANd9GcR7Jj0f0I9Akghgw4ci9nb-W7PM-a6gNWty6VGBTjpsY31s3Wo2Y2j5LdH22UrDRs4il70dpuw&usqp=CAE", "title": "Apple iPhone 14 Purple / 128 GB", "price": "$899.99"}, {"image": "https://encrypted-tbn0.gstatic.com/shopping?q=tbn:ANd9GcTDwzyJPQL5-pmqW7y9fzT_SfEQWDwJZCb7_A4bW1KzHWPOZrFrAvPQSM1l&usqp=CAE", "title": "Apple Iphone 13 Dual SIM A2634 Blue 128gb GSM", "price": "$875.99"}, {"image": "https://encrypted-tbn2.gstatic.com/shopping?q=tbn:ANd9GcTyFS6aFbU_DMqBkp9eTNKIgFQpTox7scfpNthjJ_r8cYlfbRS21tL8P6-P&usqp=CAE", "title": "Apple iPhone 13 Pro Max - 256 GB - Sierra Blue", "price": "$875.87"}, {"image": "https://encrypted-tbn0.gstatic.com/shopping?q=tbn:ANd9GcTBMHi068ZMpLQ8DPxJ71hERX3s5mNhkbIiFdWG7QhrTrkeAsuvAc5U3tQIJCtgeEt7GwrZXLEZ&usqp=CAE", "title": "Apple iPhone 13 Pro Max - 256 GB - Gold", "price": "$857.23"}, {"image": "https://encrypted-tbn1.gstatic.com/shopping?q=tbn:ANd9GcQMC9sjv3N9KCokDX0ByrMmuAtbZav9mGIWv23faEyyacBOLgmGkYy52_aHtw&usqp=CAE", "title": "Apple Iphone 13 - 128gb - Midnight (neu & Ovp Ohne Simlock)", "price": "$850.00"}, {"image": "https://encrypted-tbn2.gstatic.com/shopping?q=tbn:ANd9GcT94jdmwNzkqpSbqFULnhSXh3Pr7BlSYozwnpIx8P1dbGjFupoCPP9jbH4w_7mkEnsIU3khvR4&usqp=CAE", "title": "Apple iPhone 13 - 256 GB - Midnight", "price": "$829.00"}, {"image": "https://encrypted-tbn3.gstatic.com/shopping?q=tbn:ANd9GcT06VpsxbX3Nd0gLjWzHpTFUdnLNxO3vq8W61FJQHu30uBHBlZQaFB4dvxq&usqp=CAE", "title": "Apple iPhone 13 Pro Max - 128 GB - Gold", "price": "$801.96"}, {"image": "https://encrypted-tbn3.gstatic.com/shopping?q=tbn:ANd9GcQh13uLQqFBvXa2JEcGiDaY2VhhSbg5cmAELtQU0hlxUfLP5Z0CydHLkyEhw2s9XpE72eG0QRZW&usqp=CAE", "title": "iPhone 13 Pro 256GB Alpine Green Unlocked", "price": "$779.35 refurbished"}, {"image": "https://encrypted-tbn1.gstatic.com/shopping?q=tbn:ANd9GcRg3vMLVPZt4SXXCieupHz3j6Yf-QC_7y7TGaFKgPdMaD8H37ng27eABP-13g&usqp=CAE", "title": "Refurbished Apple iPhone 14, Claro, Blue, , Screen", "price": "$730.99 refurbished"}, {"image": "https://encrypted-tbn1.gstatic.com/shopping?q=tbn:ANd9GcRwMBGwc0bDa0Z5omCv1nxXs4bum_mZuxSJhDZFmK-ocFoOVvBY_Wn5lh18zfGIOrmxgPMnu9M&usqp=CAE", "title": "Apple iPhone 13 Pro - 128 GB - Sierra Blue", "price": "$730.64"}, {"image": "https://encrypted-tbn2.gstatic.com/shopping?q=tbn:ANd9GcR1dlEaoj2ho1u0gyzOYeAGEJ9eBVvhGHi68YqlXifYPPYEiFnotkaC7E2jgCwiSe6KT9_ZsxQ&usqp=CAE", "title": "Apple iPhone 13 Si - Green - 128GB (with 24 Monthly payments)", "price": "$729.99"}, {"image": "https://encrypted-tbn0.gstatic.com/shopping?q=tbn:ANd9GcR3QuNSz8S1arZFoP_SxODU7JVKsharYTJ2zQZx2MZF222fPuHETbMjkkRqHwHJAI1kBwfjghc&usqp=CAE", "title": "Apple iPhone 13 - 128 GB - Green", "price": "$729.00"}, {"image": "https://encrypted-tbn2.gstatic.com/shopping?q=tbn:ANd9GcSps7Hq0DVi1IsVBy4GwS2dAFBh4F_7vLF_wC7qDkw5B85TOw2efZ7qE2Ww1gw&usqp=CAE", "title": "Apple iPhone 13 - 128 GB - RED", "price": "$729.00"}, {"image": "https://encrypted-tbn2.gstatic.com/shopping?q=tbn:ANd9GcTiqQdGHQ-EKbAFXmqJmViLKB2_E2PoEFJ1zn5NFk9Ly7yDpZ0H4yd4s9Fq&usqp=CAE", "title": "Apple Iphone 13 - 128gb From Asurion", "price": "$720.00"}, {"image": "https://encrypted-tbn3.gstatic.com/shopping?q=tbn:ANd9GcQYECMKSq1Dg5Ysjb_3RWpgK_ovpv3KBZVMoONNgXJsj92_vS2rlZAn6z2Nfg&usqp=CAE", "title": "Apple iPhone 13 Pro - 128 GB - Graphite", "price": "$696.00"}, {"image": "https://encrypted-tbn2.gstatic.com/shopping?q=tbn:ANd9GcSlbrI7-fCns1FjmS0i26xOOXAtsY-7UaOPaXAzCpEA9OGF-PoHDIsFLO0cqkVAksdabETDWpVf&usqp=CAE", "title": "Apple iPhone 14, 128gb, Purple for AT&T (Renewed)", "price": "$684.00 refurbished"}, {"image": "https://encrypted-tbn3.gstatic.com/shopping?q=tbn:ANd9GcTrBqsC16LYhimGAHYnZmf-F08hRCRyyA0WtdHIA1m9-yRxJ0m6gnPdw8xhyg&usqp=CAE", "title": "Apple iPhone 12 Pro, 128gb, Graphite - Fully Unlocked (Renewed)", "price": "$669.99"}, {"image": "https://encrypted-tbn3.gstatic.com/shopping?q=tbn:ANd9GcTq5QnB6aJq4gktiYWtnSPVVAuo0osF_obqb0Oz3cwND4KV6OsnnEWxCRRABg&usqp=CAE", "title": "Apple iPhone 13 Mini - 128 GB - Blue", "price": "$629.00"}, {"image": "https://encrypted-tbn0.gstatic.com/shopping?q=tbn:ANd9GcRaA901JhWhNu1TGwI7XDrVlrG2FK380IKi9euRY8qcgDyk7JjxI8hGR5Xkkg&usqp=CAE", "title": "Apple iPhone 12 64gb 6.1 inch 5G Fully Unlocked, Black", "price": "$629.00"}, {"image": "https://encrypted-tbn2.gstatic.com/shopping?q=tbn:ANd9GcS404fJ_Ixmr6Ros2gKNhQRZ3m7KLoMf2am8dXTaLp9QNMUkrQVeM1YqihtBUxJX1QbfY4unyM&usqp=CAE", "title": "Apple iPhone 12 Pro Max - 128 GB - Silver - T-Mobile", "price": "$628.00 used"}, {"image": "https://encrypted-tbn1.gstatic.com/shopping?q=tbn:ANd9GcTcEe6T9ngG1NO4A72EhbJlZENyFnFaJvf4EXQy6dIw8rZqfU8ZJFgvSeTs&usqp=CAE", "title": "Apple Iphone 13 - 128gb - Blue (t-mobile)", "price": "$625.00 used"}, {"image": "https://encrypted-tbn0.gstatic.com/shopping?q=tbn:ANd9GcTcRlVJkxbdvh-l19nQccVRHOZTsx-p8-lrsaucFjZ53NJi1sj_mHUlywT1HA&usqp=CAE", "title": "Apple iPhone 13 Pro Max 128GB Alpine Green (Verizon) Refurbished", "price": "$619.95 used"}, {"image": "https://encrypted-tbn1.gstatic.com/shopping?q=tbn:ANd9GcRth8cNtCAnUXchSk1HlRTl4KzJfcquSQpzJTSOU0NWkMvPy-BwYN5_5GW68g&usqp=CAE", "title": "iPhone 13 128GB Green Unlocked", "price": "$608.68 refurbished"}, {"image": "https://encrypted-tbn0.gstatic.com/shopping?q=tbn:ANd9GcQORhT4AMtHoxtM9m5yq-QgUR0fyV3l7ji-d60aa5Vb6jpaHTm7_IN0-vinhA&usqp=CAE", "title": "Apple Iphone 14 - 128gb - Deep Purple (verizon)", "price": "$600.00 used"}, {"image": "https://encrypted-tbn3.gstatic.com/shopping?q=tbn:ANd9GcRZKciQX163Ap5A77uFDxi1IGEt8FRuVfFHsUhIZk-6HPHzlrBsI8TQ8Pdy&usqp=CAE", "title": "Apple Iphone 14 - 128gb - Blue - Imei Issues, Read Description", "price": "$599.00 used"}, {"image": "https://encrypted-tbn1.gstatic.com/shopping?q=tbn:ANd9GcSLf-ZVFWuQs_FcJke5oz7QVGFVRX5JyodH5xprHbh4WJQ5qMAqUCfb6vcvpw&usqp=CAE", "title": "Apple iPhone 13 Mini - (PRODUCT)RED - 128GB", "price": "$579.99"}, {"image": "https://encrypted-tbn2.gstatic.com/shopping?q=tbn:ANd9GcSGdFF-zK0Es2V_qaT0AEVJHC48NGLAYVraryDuacd0_zARhs7uQ3lPsJqaqA&usqp=CAE", "title": "Apple iPhone 11 Pro Max 512gb Fully Unlocked (Verizon + Sprint + GSM Unlocked) - Space Gray (Fair Cosmetics, Fully Functional) + LiquidNano Screen", "price": "$579.98"}, {"image": "https://encrypted-tbn3.gstatic.com/shopping?q=tbn:ANd9GcTkImsMcS9jkIM01kSUxz4SkDbV8BnkHkk4tFqfUOIUH9zzt8F8zFyt7Wc-sZzELTmq910Mb7VL&usqp=CAE", "title": "Apple iPhone 13 (Unlocked), Green", "price": "$579.00 used"}, {"image": "https://encrypted-tbn2.gstatic.com/shopping?q=tbn:ANd9GcTcKAGAM4LZ-kpHfD_G_k_C81nkhvHzSdKaYEJpwIvJ6QAjnTrPqZiwsb2IlYAD-lu_LUproQM&usqp=CAE", "title": "Restored Apple iPhone 13 128gb Fully Unlocked Blue (Refurbished)", "price": "$559.95 refurbished"}, {"image": "https://encrypted-tbn3.gstatic.com/shopping?q=tbn:ANd9GcT1dnp-nlMuMID5ipqNbbLDdGnmE2ilXtFTo1H1W--LnikupQJK2HH5QDray06R5Nw_RlLL0Ynd&usqp=CAE", "title": "Apple iPhone 13 (Unlocked), Blue", "price": "$559.00 used"}, {"image": "https://encrypted-tbn1.gstatic.com/shopping?q=tbn:ANd9GcRXzrEWx9l0rily386Qlukvaca73NoE1MIJiVrNM8JvUu12rRVci94HKsZFd5zFoc9rtV9L74o&usqp=CAE", "title": "Apple iPhone 13 - 128 GB - Midnight", "price": "$558.00"}, {"image": "https://encrypted-tbn3.gstatic.com/shopping?q=tbn:ANd9GcTP4XoF190QrrqTVZpmdkVGpnmWLYQkot3XaBqcKgQof6rQMArVHKrmY3Ithx8&usqp=CAE", "title": "Apple iPhone 12 Pro 128gb Fully Unlocked Pacific Blue", "price": "$550.00 refurbished"}, {"image": "https://encrypted-tbn2.gstatic.com/shopping?q=tbn:ANd9GcRsZky5-VWK7R3ktq88O7jhVQXRYrnnoeK1TMhXqEjR53IZMy6dmZxg78Rsz7Q&usqp=CAE", "title": "Apple Iphone 13 128gb Sprint T-mobile Mlmt3ll/a - Blue", "price": "$549.95 used"}, {"image": "https://encrypted-tbn0.gstatic.com/shopping?q=tbn:ANd9GcT35zaCgU5WYG42zl8rr1xL77lhI9M9i6IINs9zRCvi85tmPLsREXEu_AF8Yw&usqp=CAE", "title": "Apple Iphone 13 Pro - 128gb - Graphite (at&t)", "price": "$525.00 used"}, {"image": "https://encrypted-tbn1.gstatic.com/shopping?q=tbn:ANd9GcTUncaFL_MjWJ6PQliDN2eauPC1OBQ1DQZf4xGJq_osbjfJ3iqCgTumE2mPYg&usqp=CAE", "title": "Apple Iphone 11 - 64 Gb- White (t-mobile)", "price": "$509.00 used"}, {"image": "https://encrypted-tbn3.gstatic.com/shopping?q=tbn:ANd9GcSZEhcIxsS0bftjdjM6zW_-2IxaLJ5RJo5EO6vxeBhs6eVCzxKdcPv8kloF&usqp=CAE", "title": "Apple iPhone 13 128gb Midnight  Black (Verizon)", "price": "$499.95 used"}, {"image": "https://encrypted-tbn2.gstatic.com/shopping?q=tbn:ANd9GcQGS5o_SjptrL7Pjf5_2xtNPPuRglOmj3-WzuJCLplgBhUSfJptlPRTYgjSDq0j61Bg45e2eQ&usqp=CAE", "title": "Apple Iphone 14 - 128gb - Red (u.s. Cellular) A2649 54649", "price": "$469.29 used"}, {"image": "https://encrypted-tbn2.gstatic.com/shopping?q=tbn:ANd9GcSddThHCNUt79V7ueG1qWuTc8Iok-VjQSJC-CLNkPMNkfhUm4UG_jKSdMTWrQ&usqp=CAE", "title": "Apple iPhone 12 256GB Black", "price": "$449.98 used"}, {"image": "https://encrypted-tbn2.gstatic.com/shopping?q=tbn:ANd9GcS4TEmA7pj-cdzSqmtz1vG6k2aGvUqPXIbiZ-bF-Kr7Tcbk7WkB3ScKPXBScspPGv-DMNJlZqBb&usqp=CAE", "title": "Apple iPhone 11 Pro 512gb Gold Fully Unlocked A Grade Refurbished", "price": "$445.64 refurbished"}, {"image": "https://encrypted-tbn2.gstatic.com/shopping?q=tbn:ANd9GcSQM4EP3I5nMQKTiRrQ1ivoyq63MhkLkKU-X6EkjVBrtU9ofrNQ8t9vTXcnZojG8RIQxqZBjCPK&usqp=CAE", "title": "Apple iPhone 12 Pro - 128 GB - Pacific Blue - Unlocked", "price": "$431.60"}, {"image": "https://encrypted-tbn3.gstatic.com/shopping?q=tbn:ANd9GcTbPnCkc6Tlpa6otS15O2tmqp53NjdTwHkf2AahZm_c1lAZx6JthQMXwYtvOm6ptwhAuBZvS_yl&usqp=CAE", "title": "Apple Iphone 11 64gb Factory Unlocked 4g Lte Smartphone - Mint", "price": "$417.00 used"}, {"image": "https://encrypted-tbn0.gstatic.com/shopping?q=tbn:ANd9GcTFBeHZnn571Ojt-PPjkuBMM9M8nspbwLySh4OM1JVJXRsrGYjDj7d1aU1N2w&usqp=CAE", "title": "Apple iPhone 11 Pro Max - 64gb - Space Gray - AT&T", "price": "$415.00 refurbished"}, {"image": "https://encrypted-tbn1.gstatic.com/shopping?q=tbn:ANd9GcSDynULibQf0ln46DnGdUbU_Tvlx3dOjD2hFxif9SZu2VBJ72U8SuWVCG46XXSKe_PgTFikBOs&usqp=CAE", "title": "Apple iPhone 11 Pro 256GB Verizon GSM Unlocked T-Mobile AT&T 4G LTE - Space Gray", "price": "$378.00 used"}, {"image": "https://encrypted-tbn1.gstatic.com/shopping?q=tbn:ANd9GcTJKAuzgLXizAeyTaKgCjwwsaCMs9-ty414_CbhsXQwaxAw3IDiupkrLv0yJfmLoCr6svayP_0N&usqp=CAE", "title": "Apple Iphone 11 64gb Unlocked Verizon At&t Black Smartphone", "price": "$350.00 used"}, {"image": "https://encrypted-tbn2.gstatic.com/shopping?q=tbn:ANd9GcQIapiHYP5EoQzZ2bi-lwkotBo3ZcVLUy7bq73Xnq8DhU9BhyIbuLylDpIL4Imae7M0-bTleg&usqp=CAE", "title": "Apple Iphone 13 - 128gb - Midnight (at&t)", "price": "$350.00 used"}, {"image": "https://encrypted-tbn1.gstatic.com/shopping?q=tbn:ANd9GcQDdqcUXWEegc2rzyiljNU-l43yVCmag43PGqg8mFMlKwDnm1boTQBaszLidA&usqp=CAE", "title": "Apple iPhone 11 256GB Fully Unlocked (Verizon + Sprint + GSM Unlocked) - Green", "price": "$349.98"}, {"image": "https://encrypted-tbn0.gstatic.com/shopping?q=tbn:ANd9GcRl4ogEp_MrBF7J7BlYm3OVPlxAm-bao7lXb65INyWao9wTcjcGiUCjKr77OTI&usqp=CAE", "title": "Apple iPhone 11 Pro - 64gb - Green- Unlocked", "price": "$349.95 used"}, {"image": "https://encrypted-tbn3.gstatic.com/shopping?q=tbn:ANd9GcRA5TZQK_yFaF5laEsU0Hl8ZfJB-8OzjnqeOwhXC_Awh-H40un6Ddt10KJYqjlMdmae4ohQL7ZM&usqp=CAE", "title": "Apple iPhone 11 - 64GB - Black- Unlocked", "price": "$339.00 refurbished"}, {"image": "https://encrypted-tbn3.gstatic.com/shopping?q=tbn:ANd9GcTh6NPr3qZ8fUUjpf6bcwM-4rwAC0Z4NLOWFvys5NYLNMyZ-_nwrfFcJWeyBQ&usqp=CAE", "title": "Apple iPhone 11 256GB Verizon GSM Unlocked T-Mobile AT&T 4G LTE Smartphone Black", "price": "$332.00 used"}, {"image": "https://encrypted-tbn1.gstatic.com/shopping?q=tbn:ANd9GcSDRJK67vs1eBOHW2UtEbCCBQNe_NbTY4LpLkMfv2PwPV-EDaM7XUtzjQvomapY5KR0N9A0KJqQ&usqp=CAE", "title": "Apple iPhone 13 - 512 GB - Midnight", "price": "$330.49 now"}, {"image": "https://encrypted-tbn0.gstatic.com/shopping?q=tbn:ANd9GcRkh9LuCZG5psMVyvqiLOVHrDTwt4hz1QbgSLudHnx6dSBJ-nby6OuIt84iTg&usqp=CAE", "title": "Apple iPhone 11 64gb Fully Unlocked (Verizon + Sprint + GSM Unlocked) - Red (Fair Cosmetics, Fully Functional) + LiquidNano Screen Protector", "price": "$329.98"}, {"image": "https://encrypted-tbn3.gstatic.com/shopping?q=tbn:ANd9GcRkrAm-iIU50_4aHdxVs_nQUc8Qy--DP3I7n486lemSnL6EaDI9p-lKtbhnwwV2huJWKT_Ujn3J&usqp=CAE", "title": "Apple Iphone 11 64gb Purple Unlocked -very Good", "price": "$329.95 used"}, {"image": "https://encrypted-tbn1.gstatic.com/shopping?q=tbn:ANd9GcSf8BpYmGJGQwh6fsL2o_pHPOqkdkgJm1WwRPDi5GseC07j2kBG04aWoQHyk8vv36VXFwYrHGQ-&usqp=CAE", "title": "Apple iPhone Xs Max - 64gb - Gold- Unlocked", "price": "$319.99 refurbished"}, {"image": "https://encrypted-tbn0.gstatic.com/shopping?q=tbn:ANd9GcR_EqbaZcthKK8fd3xMxkM28F25SbA9XrGxc3X1K6z27KFKN2HfziF6xG2zcg&usqp=CAE", "title": "Apple iPhone 11 64gb Fully Unlocked (Verizon + Sprint + GSM Unlocked) - Green (Certified Refurbished)", "price": "$309.95 refurbished"}, {"image": "https://encrypted-tbn0.gstatic.com/shopping?q=tbn:ANd9GcR8s0bzzwPSYL5H3rVGOOL1UcJ-MVXZUZJdNSL6p1h1fUox7AHJ_YV-5dPzTU0-h2P8c9ZGaM9t&usqp=CAE", "title": "Apple iPhone 11 - 64GB - White- Unlocked", "price": "$309.00 refurbished"}, {"image": "https://encrypted-tbn3.gstatic.com/shopping?q=tbn:ANd9GcTgl3A-u5ewpJv6SzpENGj9eHYqND14ARYgMqbVzKMpWjl8nq1k30hGJWaI6zQpSaUYLSp2FQ-I&usqp=CAE", "title": "iPhone 12 mini 128GB Unlocked ", "price": "$307.85 refurbished"}, {"image": "https://encrypted-tbn1.gstatic.com/shopping?q=tbn:ANd9GcQFSFk6vYKE--0hdR2wJ9t6bKFwFIhIeGWmYs5GTAlip1xsn_4uktnMSOVaYvwENuNgI-TdaSdW&usqp=CAE", "title": "Apple Iphone 11 - 64gb - Factory Unlocked-very Good Condition-under", "price": "$306.99 used"}, {"image": "https://encrypted-tbn2.gstatic.com/shopping?q=tbn:ANd9GcRAsjhwxLd4FN55IyqkAYs6KZuoNH_BDhSFiFDOsEv8rNraXp0PE1W_SN2JNw&usqp=CAE", "title": "iPhone 11 128GB Green AT&T", "price": "$301.83 refurbished"}, {"image": "https://encrypted-tbn0.gstatic.com/shopping?q=tbn:ANd9GcSaEzOdI1BeUBCSXGP5_PCzd1Jej6YFVcq6jzkni5KEHwwrZlsxjRv4pJYUODhE5PWS8XPeTg&usqp=CAE", "title": "Apple Iphone 11 128gb At&t Used", "price": "$300.00 used"}, {"image": "https://encrypted-tbn3.gstatic.com/shopping?q=tbn:ANd9GcTuw7OiKXMZ161WEBKEP-9Sn89tzFSNkvWWnhDjhC0Pzs1zuKKLN8IPfTgu62Ux4eYvoaoBNj7k&usqp=CAE", "title": "Apple iPhone 11 - 64 GB - Green - Unlocked - CDMA/GSM", "price": "$299.99"}, {"image": "https://encrypted-tbn1.gstatic.com/shopping?q=tbn:ANd9GcQqhXoCezmBiHWKMyFkaQWwaJ1zGgcZf1unpz2KcUkQeGHrzjxj9Ozla5iGeKw&usqp=CAE", "title": "Straight Talk Apple iPhone 11, 64gb, Black ", "price": "$299.00"}, {"image": "https://encrypted-tbn3.gstatic.com/shopping?q=tbn:ANd9GcT1zf6Ff-92rbHXawwwmV5MXoCfDGkXVSDY6moNDk2yOBislVKBT2Whj6oVhcMGVhrlrostu9hz&usqp=CAE", "title": "Apple Iphone X 256gb Space Grey Unlocked -mint", "price": "$296.00 used"}, {"image": "https://encrypted-tbn0.gstatic.com/shopping?q=tbn:ANd9GcTS8i3db9x4_3Qc0eLHRmMjHm8r3oeWMwkmQTFHjKbEKb6h0ugl8j2A91mtsqlOOWnYnBau6b0&usqp=CAE", "title": "Apple iPhone 12 mini - 64 GB - Green - Unlocked", "price": "$294.30"}, {"image": "https://encrypted-tbn3.gstatic.com/shopping?q=tbn:ANd9GcSnECLTMDqfMe2U9lLGdEdEZwa4b9hjdckQ0Tjtzk17ND0BHj1zxUUUHK29AUFBq1hpk1Jlk4k&usqp=CAE", "title": "iPhone 11 64gb 128GB 256GB All Colors (US Model) - Factory Unlocked Cell Phone - Good Condition, Red", "price": "$294.00 used"}, {"image": "https://encrypted-tbn1.gstatic.com/shopping?q=tbn:ANd9GcRFgEJXkZDCQAqJQCjnQ7P2uAPMAOiqJhZgUgLZr3CQa5GSZff8dPWYOpLiaJiCjPuNaYSXhR7e&usqp=CAE", "title": "Apple iPhone Xs 64gb 256GB 512gb All Colors - Factory Unlocked Smartphone - Good Condition, Gold", "price": "$290.00 used"}, {"image": "https://encrypted-tbn3.gstatic.com/shopping?q=tbn:ANd9GcTJPx6LLux5RJrEfedTEt2NBIZUrXuVwCTDEQnd3KrJVaDDB_tM0yvLua6lET8GD4vAaCSAHWY&usqp=CAE", "title": "Sim Iphone Xr Premium Pre-owned - 1 Year Warranty", "price": "$288.78 used"}, {"image": "https://encrypted-tbn2.gstatic.com/shopping?q=tbn:ANd9GcTNmCkKJ3DpjdzLHTYiDJsunlasa9Kg9q3q7MYGiD46G2n7CzBmbPEMJ53qcjQ&usqp=CAE", "title": "Apple Iphone X 64gb 256gb Gsm Unlocked At&t Verizon T-mobile", "price": "$286.00 used"}, {"image": "https://encrypted-tbn3.gstatic.com/shopping?q=tbn:ANd9GcQjBFJGxp-l5lT3DxCdZOJvNgGw1uM2inPTkEFuD_BYZ0kugTStJ02haDbPyA&usqp=CAE", "title": "Renewed Apple iPhone 12 Mini 64gb Unlocked Mg8j3ll/a - Blue", "price": "$284.99 used"}, {"image": "https://encrypted-tbn1.gstatic.com/shopping?q=tbn:ANd9GcT0v2Db3lwz54KWGsyL28HRsy0eqMLGYtkqE3m159y-ejsQ72P2hNIbsZE5dv_SfEbTMwed4g&usqp=CAE", "title": "Apple Iphone 11 64gb Black - Replaced Screen And More, No Face-id", "price": "$279.99 used"}, {"image": "https://encrypted-tbn3.gstatic.com/shopping?q=tbn:ANd9GcQ6MImagUmMSumNaELcodHTdAwkcMNMW0yXUXHdwMMfnsgmipaoApO4KYBCNFQ&usqp=CAE", "title": "Like New Fully Unlocked Apple iPhone 12 Mini 64gb, Black", "price": "$274.95 refurbished"}, {"image": "https://encrypted-tbn2.gstatic.com/shopping?q=tbn:ANd9GcTqR96Elc77OTLmord8c6ANCIobsJceMxGroNR5uiCywe2ITP4jF9grpwbmpEhqyrQC_w2Qsje2&usqp=CAE", "title": "Apple Iphone 11 64gb 128gb 256gb No Face Id Fully Unlocked - Excellent", "price": "$269.99 used"}, {"image": "https://encrypted-tbn2.gstatic.com/shopping?q=tbn:ANd9GcQStX4J0d-QAMdk-E_O9wYBJpMmpt5mk9UFUEeocmgl9NzOWQj1pEPiXL67-xqkmQbKEJqY5766ku8&usqp=CAE", "title": "Apple Iphone Xr - 128gb - All Colors - Fully Unlocked - Very Good", "price": "$267.29 refurbished"}, {"image": "https://encrypted-tbn2.gstatic.com/shopping?q=tbn:ANd9GcTbdqfxRfhzr2viUZo6T2oBcpg3V7a-k4TDdfx1nGClMzHr3_NiIchN6r0Q5Pk&usqp=CAE", "title": "Apple Iphone Xr 64gb Black Blue Unlocked At&t Verizon T-mobile", "price": "$264.00 used"}, {"image": "https://encrypted-tbn1.gstatic.com/shopping?q=tbn:ANd9GcR7KBeEdC2g71mBwSUHgnZumoqhmFa6IDJCr6lJc8UsB78NmeMCeTOJSexg&usqp=CAE", "title": "Iphone Xr 64gb", "price": "$250.00 used"}, {"image": "https://encrypted-tbn2.gstatic.com/shopping?q=tbn:ANd9GcRRN7h5LUiHApVWu9ZuNwOtWxUoV6oAaRy8JomRmjepORDi2hSVecYtQNZUIg&usqp=CAE", "title": "Total Wireless Apple iPhone 11 Prepaid w/ 64GB, Black", "price": "$249.99"}, {"image": "https://encrypted-tbn2.gstatic.com/shopping?q=tbn:ANd9GcRICrBm9vzkQd-MTQMcl9g-nytuVNUEzCJRexzpo-qILb3BuowTT6ZOxTzbvDw&usqp=CAE", "title": "Apple Iphone 11 Ios - Black - 64gb - (t-mobile Sprint) - C Stock", "price": "$249.99 used"}, {"image": "https://encrypted-tbn1.gstatic.com/shopping?q=tbn:ANd9GcTRT5pW6RcOgOGkwogEm2Udr8cWA1gD2HN6H1sHw6MO9YfTkZLVKlKjvTQBfR71PwwLCZfThQ6GRg&usqp=CAE", "title": "iPhone XR 128GB - White - Unlocked", "price": "$243.00"}, {"image": "https://encrypted-tbn0.gstatic.com/shopping?q=tbn:ANd9GcR5_GwQIDaysx_Z2IR3dtGkMPvS9bR4g6HXDNhxxUijc30y-7F2RNfvL2kvUA&usqp=CAE", "title": "Apple iPhone 7 Verizon/Unlocked Black 32gb (Scratch and Dent)", "price": "$241.96 used"}, {"image": "https://encrypted-tbn1.gstatic.com/shopping?q=tbn:ANd9GcQJXmZBjzczdGs9q7vMSsqPAaxu4u6eD37LIrNbyW7GFb6KgR_CtCJLIBaBEQ&usqp=CAE", "title": "Apple iPhone X - 256 GB - Space Gray - Unlocked - GSM", "price": "$226.48"}, {"image": "https://encrypted-tbn1.gstatic.com/shopping?q=tbn:ANd9GcRa3GxstTnV1nIu5VwCaj3-C_gbBxrlhcrXFPFskA2M_Irv8aiw3-0SSmWQ6qEBANfbBVn2Jo31&usqp=CAE", "title": "Apple iPhone XR 128GB Fully Unlocked (Verizon + Sprint + GSM Unlocked) - Black ", "price": "$225.00 refurbished"}, {"image": "https://encrypted-tbn2.gstatic.com/shopping?q=tbn:ANd9GcTRS9EsJVN254P5jl88p8fp8vS6nr_pntq_BtrItpDweXyRAwm2xuCJtBQBeBAHAHfORaLJc5z7&usqp=CAE", "title": "Apple Iphone 11 64gb Unlocked At&t T-mobile Verizon Mint Condition", "price": "$217.00 used"}, {"image": "https://encrypted-tbn2.gstatic.com/shopping?q=tbn:ANd9GcSkSSYkh1CWBMkVucah_TN9xluzC4KFPM1cOqa_l05UC9sNJOMDu3gPedRCPISWkO38yenYUVk&usqp=CAE", "title": "Apple iPhone XR 64gb Fully Unlocked (Verizon + Sprint + GSM Unlocked) - Black", "price": "$209.95"}, {"image": "https://encrypted-tbn0.gstatic.com/shopping?q=tbn:ANd9GcQH9u1Pgkp2r0r0GetG9AxMnsy7VAMEOzAWyx5xzNXcW3k5uXmNC4nOpFJD4mNc_JA5tSsRCRA&usqp=CAE", "title": "Apple iPhone Xs 64gb Fully Unlocked (Verizon + Sprint + GSM Unlocked) - Space Gray (Used)", "price": "$209.95 used"}, {"image": "https://encrypted-tbn3.gstatic.com/shopping?q=tbn:ANd9GcR2RnOrCMYngUw1ilX1S4vTnhevweAbgRjDtMTx4OEG0WYoNWeZaFFjcad0Bttq5WlsS6ES-g&usqp=CAE", "title": "Apple iPhone XR - 64gb - White- Unlocked", "price": "$209.00 refurbished"}, {"image": "https://encrypted-tbn3.gstatic.com/shopping?q=tbn:ANd9GcS6M_lA7XLbWLVOa60C7mosgbc_oelY4Q73VKLOgu91Zo6lX0c6E9nDRY0WPPNGXFUss0iXxhzJ&usqp=CAE", "title": "Apple iPhone 6 16GB - Black/Space Gray - AT&T - B MG4N2LLA-PB-3RCB", "price": "$199.00 refurbished"}, {"image": "https://encrypted-tbn2.gstatic.com/shopping?q=tbn:ANd9GcSamqrPAgzP7w4w5BO24QJIIgNX2sEPZniwT9G2_68DovnkSn47mFdCLoEwd-5JHJTtGBb86Y0&usqp=CAE", "title": "Apple iPhone X - 4G smartphone 64 GB - OLED display - 5.8\" - 2436 x 1125 pixels - 2x rear cameras 12 MP, 12 MP - 2x front cameras 7 MP - space grey", "price": "$194.46"}, {"image": "https://encrypted-tbn0.gstatic.com/shopping?q=tbn:ANd9GcQdPscHdVDwwPI9ZME5DpqDRwYs_mHEvt_xuQbiLySIUv7F7zT4OJItZxHKIQ&usqp=CAE", "title": "iPhone 7 128GB Red AT&T", "price": "$189.99 refurbished"}, {"image": "https://encrypted-tbn2.gstatic.com/shopping?q=tbn:ANd9GcTSOpwN1acF4QedU3ExrTQyaZCmGBf2QYyq5uAfg2diUj74JTFFRz2MHniTTiA&usqp=CAE", "title": "Apple iPhone 8 Plus - 64 GB - Space Gray - Unlocked", "price": "$178.47 refurbished"}, {"image": "https://encrypted-tbn2.gstatic.com/shopping?q=tbn:ANd9GcRusfOD_q_ShTS_VNH9dzItj7iARYyp1Jl-HOWM2e_FRIUXXvLleyyywHW9SS0xXrcSn95_wQ&usqp=CAE", "title": "Apple Iphone 1st Generation 8gb - Black---os 1.0---(at&t) A1203 (gsm)", "price": "$178.00 used"}, {"image": "https://encrypted-tbn1.gstatic.com/shopping?q=tbn:ANd9GcSIrovbRzmJWZMkmLXjgLGYKwcY9GOFNTAOOptcEEObHsmiotTnQ0aRHm4t_CS5_Mfpzn7rOAx9&usqp=CAE", "title": "Apple iPhone X - 4G smartphone / Internal Memory 256 GB - OLED display - 5.8\" - 2436 x 1125 pixels - 2x rear cameras 12 MP, 12 MP - 2x front cameras 7 MP - space gray", "price": "$176.00 used"}]