[{"image": "https://tinyurl.com/2a2kdlpf", "location": "Dakar Plateau, Dakar, Sénégal", "nom": "Cuisinière Astech 5 feux", "prix": "285000 CFA"}, {"image": "https://tinyurl.com/2xrcou58", "location": "Ouakam, Dakar, Sénégal", "nom": "Congelateur Astech 400L A+", "prix": "219900 CFA"}, {"image": "https://tinyurl.com/22xr962s", "location": "Dakar Plateau, Dakar, Sénégal", "nom": "Climatiseur portatif Roch 12000 btu", "prix": "210000 CFA"}, {"image": "https://tinyurl.com/2cjpunch", "location": "Ouakam, Dakar, Sénégal", "nom": "Cuisiniére électrique Astech 4 feux 60*60", "prix": "229900 CFA"}, {"image": "https://tinyurl.com/2a2kdlpf", "location": "Dakar Plateau, Dakar, Sénégal", "nom": "Cuisinière Astech 5 feux", "prix": "285000 CFA"}, {"image": "https://tinyurl.com/2xrcou58", "location": "Ouakam, Dakar, Sénégal", "nom": "Congelateur Astech 400L A+", "prix": "219900 CFA"}, {"image": "https://tinyurl.com/22xr962s", "location": "Dakar Plateau, Dakar, Sénégal", "nom": "Climatiseur portatif Roch 12000 btu", "prix": "210000 CFA"}, {"image": "https://tinyurl.com/2cjpunch", "location": "Ouakam, Dakar, Sénégal", "nom": "Cuisiniére électrique Astech 4 feux 60*60", "prix": "229900 CFA"}, {"image": "https://tinyurl.com/2a2kdlpf", "location": "Dakar Plateau, Dakar, Sénégal", "nom": "Cuisinière Astech 5 feux", "prix": "285000 CFA"}, {"image": "https://tinyurl.com/2xrcou58", "location": "Ouakam, Dakar, Sénégal", "nom": "Congelateur Astech 400L A+", "prix": "219900 CFA"}, {"image": "https://tinyurl.com/22xr962s", "location": "Dakar Plateau, Dakar, Sénégal", "nom": "Climatiseur portatif Roch 12000 btu", "prix": "210000 CFA"}, {"image": "https://tinyurl.com/2cjpunch", "location": "Ouakam, Dakar, Sénégal", "nom": "Cuisiniére électrique Astech 4 feux 60*60", "prix": "229900 CFA"}, {"image": "https://tinyurl.com/2a2kdlpf", "location": "Dakar Plateau, Dakar, Sénégal", "nom": "Cuisinière Astech 5 feux", "prix": "285000 CFA"}, {"image": "https://tinyurl.com/2xrcou58", "location": "Ouakam, Dakar, Sénégal", "nom": "Congelateur Astech 400L A+", "prix": "219900 CFA"}, {"image": "https://tinyurl.com/22xr962s", "location": "Dakar Plateau, Dakar, Sénégal", "nom": "Climatiseur portatif Roch 12000 btu", "prix": "210000 CFA"}, {"image": "https://tinyurl.com/2cjpunch", "location": "Ouakam, Dakar, Sénégal", "nom": "Cuisiniére électrique Astech 4 feux 60*60", "prix": "229900 CFA"}, {"image": "https://tinyurl.com/2a2kdlpf", "location": "Dakar Plateau, Dakar, Sénégal", "nom": "Cuisinière Astech 5 feux", "prix": "285000 CFA"}, {"image": "https://tinyurl.com/2xrcou58", "location": "Ouakam, Dakar, Sénégal", "nom": "Congelateur Astech 400L A+", "prix": "219900 CFA"}, {"image": "https://tinyurl.com/22xr962s", "location": "Dakar Plateau, Dakar, Sénégal", "nom": "Climatiseur portatif Roch 12000 btu", "prix": "210000 CFA"}, {"image": "https://tinyurl.com/2cjpunch", "location": "Ouakam, Dakar, Sénégal", "nom": "Cuisiniére électrique Astech 4 feux 60*60", "prix": "229900 CFA"}, {"image": "https://tinyurl.com/2a2kdlpf", "location": "Dakar Plateau, Dakar, Sénégal", "nom": "Cuisinière Astech 5 feux", "prix": "285000 CFA"}, {"image": "https://tinyurl.com/2xrcou58", "location": "Ouakam, Dakar, Sénégal", "nom": "Congelateur Astech 400L A+", "prix": "219900 CFA"}, {"image": "https://tinyurl.com/22xr962s", "location": "Dakar Plateau, Dakar, Sénégal", "nom": "Climatiseur portatif Roch 12000 btu", "prix": "210000 CFA"}, {"image": "https://tinyurl.com/2cjpunch", "location": "Ouakam, Dakar, Sénégal", "nom": "Cuisiniére électrique Astech 4 feux 60*60", "prix": "229900 CFA"}, {"image": "https://tinyurl.com/2a2kdlpf", "location": "Dakar Plateau, Dakar, Sénégal", "nom": "Cuisinière Astech 5 feux", "prix": "285000 CFA"}, {"image": "https://tinyurl.com/2xrcou58", "location": "Ouakam, Dakar, Sénégal", "nom": "Congelateur Astech 400L A+", "prix": "219900 CFA"}, {"image": "https://tinyurl.com/22xr962s", "location": "Dakar Plateau, Dakar, Sénégal", "nom": "Climatiseur portatif Roch 12000 btu", "prix": "210000 CFA"}, {"image": "https://tinyurl.com/2cjpunch", "location": "Ouakam, Dakar, Sénégal", "nom": "Cuisiniére électrique Astech 4 feux 60*60", "prix": "229900 CFA"}, {"image": "https://tinyurl.com/2a2kdlpf", "location": "Dakar Plateau, Dakar, Sénégal", "nom": "Cuisinière Astech 5 feux", "prix": "285000 CFA"}, {"image": "https://tinyurl.com/2xrcou58", "location": "Ouakam, Dakar, Sénégal", "nom": "Congelateur Astech 400L A+", "prix": "219900 CFA"}, {"image": "https://tinyurl.com/22xr962s", "location": "Dakar Plateau, Dakar, Sénégal", "nom": "Climatiseur portatif Roch 12000 btu", "prix": "210000 CFA"}, {"image": "https://tinyurl.com/2cjpunch", "location": "Ouakam, Dakar, Sénégal", "nom": "Cuisiniére électrique Astech 4 feux 60*60", "prix": "229900 CFA"}, {"image": "https://tinyurl.com/2a2kdlpf", "location": "Dakar Plateau, Dakar, Sénégal", "nom": "Cuisinière Astech 5 feux", "prix": "285000 CFA"}, {"image": "https://tinyurl.com/2xrcou58", "location": "Ouakam, Dakar, Sénégal", "nom": "Congelateur Astech 400L A+", "prix": "219900 CFA"}, {"image": "https://tinyurl.com/22xr962s", "location": "Dakar Plateau, Dakar, Sénégal", "nom": "Climatiseur portatif Roch 12000 btu", "prix": "210000 CFA"}, {"image": "https://tinyurl.com/2cjpunch", "location": "Ouakam, Dakar, Sénégal", "nom": "Cuisiniére électrique Astech 4 feux 60*60", "prix": "229900 CFA"}, {"image": "https://tinyurl.com/2a2kdlpf", "location": "Dakar Plateau, Dakar, Sénégal", "nom": "Cuisinière Astech 5 feux", "prix": "285000 CFA"}, {"image": "https://tinyurl.com/2xrcou58", "location": "Ouakam, Dakar, Sénégal", "nom": "Congelateur Astech 400L A+", "prix": "219900 CFA"}, {"image": "https://tinyurl.com/22xr962s", "location": "Dakar Plateau, Dakar, Sénégal", "nom": "Climatiseur portatif Roch 12000 btu", "prix": "210000 CFA"}, {"image": "https://tinyurl.com/2cjpunch", "location": "Ouakam, Dakar, Sénégal", "nom": "Cuisiniére électrique Astech 4 feux 60*60", "prix": "229900 CFA"}, {"image": "https://tinyurl.com/2a2kdlpf", "location": "Dakar Plateau, Dakar, Sénégal", "nom": "Cuisinière Astech 5 feux", "prix": "285000 CFA"}, {"image": "https://tinyurl.com/2xrcou58", "location": "Ouakam, Dakar, Sénégal", "nom": "Congelateur Astech 400L A+", "prix": "219900 CFA"}, {"image": "https://tinyurl.com/22xr962s", "location": "Dakar Plateau, Dakar, Sénégal", "nom": "Climatiseur portatif Roch 12000 btu", "prix": "210000 CFA"}, {"image": "https://tinyurl.com/2cjpunch", "location": "Ouakam, Dakar, Sénégal", "nom": "Cuisiniére électrique Astech 4 feux 60*60", "prix": "229900 CFA"}, {"image": "https://tinyurl.com/2a2kdlpf", "location": "Dakar Plateau, Dakar, Sénégal", "nom": "Cuisinière Astech 5 feux", "prix": "285000 CFA"}, {"image": "https://tinyurl.com/2xrcou58", "location": "Ouakam, Dakar, Sénégal", "nom": "Congelateur Astech 400L A+", "prix": "219900 CFA"}, {"image": "https://tinyurl.com/22xr962s", "location": "Dakar Plateau, Dakar, Sénégal", "nom": "Climatiseur portatif Roch 12000 btu", "prix": "210000 CFA"}, {"image": "https://tinyurl.com/2cjpunch", "location": "Ouakam, Dakar, Sénégal", "nom": "Cuisiniére électrique Astech 4 feux 60*60", "prix": "229900 CFA"}, {"image": "https://tinyurl.com/2a2kdlpf", "location": "Dakar Plateau, Dakar, Sénégal", "nom": "Cuisinière Astech 5 feux", "prix": "285000 CFA"}, {"image": "https://tinyurl.com/2xrcou58", "location": "Ouakam, Dakar, Sénégal", "nom": "Congelateur Astech 400L A+", "prix": "219900 CFA"}, {"image": "https://tinyurl.com/22xr962s", "location": "Dakar Plateau, Dakar, Sénégal", "nom": "Climatiseur portatif Roch 12000 btu", "prix": "210000 CFA"}, {"image": "https://tinyurl.com/2cjpunch", "location": "Ouakam, Dakar, Sénégal", "nom": "Cuisiniére électrique Astech 4 feux 60*60", "prix": "229900 CFA"}, {"image": "https://tinyurl.com/2a2kdlpf", "location": "Dakar Plateau, Dakar, Sénégal", "nom": "Cuisinière Astech 5 feux", "prix": "285000 CFA"}, {"image": "https://tinyurl.com/2xrcou58", "location": "Ouakam, Dakar, Sénégal", "nom": "Congelateur Astech 400L A+", "prix": "219900 CFA"}, {"image": "https://tinyurl.com/22xr962s", "location": "Dakar Plateau, Dakar, Sénégal", "nom": "Climatiseur portatif Roch 12000 btu", "prix": "210000 CFA"}, {"image": "https://tinyurl.com/2cjpunch", "location": "Ouakam, Dakar, Sénégal", "nom": "Cuisiniére électrique Astech 4 feux 60*60", "prix": "229900 CFA"}, {"image": "https://tinyurl.com/2a2kdlpf", "location": "Dakar Plateau, Dakar, Sénégal", "nom": "Cuisinière Astech 5 feux", "prix": "285000 CFA"}, {"image": "https://tinyurl.com/2xrcou58", "location": "Ouakam, Dakar, Sénégal", "nom": "Congelateur Astech 400L A+", "prix": "219900 CFA"}, {"image": "https://tinyurl.com/22xr962s", "location": "Dakar Plateau, Dakar, Sénégal", "nom": "Climatiseur portatif Roch 12000 btu", "prix": "210000 CFA"}, {"image": "https://tinyurl.com/2cjpunch", "location": "Ouakam, Dakar, Sénégal", "nom": "Cuisiniére électrique Astech 4 feux 60*60", "prix": "229900 CFA"}, {"image": "https://tinyurl.com/2a2kdlpf", "location": "Dakar Plateau, Dakar, Sénégal", "nom": "Cuisinière Astech 5 feux", "prix": "285000 CFA"}, {"image": "https://tinyurl.com/2xrcou58", "location": "Ouakam, Dakar, Sénégal", "nom": "Congelateur Astech 400L A+", "prix": "219900 CFA"}, {"image": "https://tinyurl.com/22xr962s", "location": "Dakar Plateau, Dakar, Sénégal", "nom": "Climatiseur portatif Roch 12000 btu", "prix": "210000 CFA"}, {"image": "https://tinyurl.com/2cjpunch", "location": "Ouakam, Dakar, Sénégal", "nom": "Cuisiniére électrique Astech 4 feux 60*60", "prix": "229900 CFA"}, {"image": "https://tinyurl.com/2a2kdlpf", "location": "Dakar Plateau, Dakar, Sénégal", "nom": "Cuisinière Astech 5 feux", "prix": "285000 CFA"}, {"image": "https://tinyurl.com/2xrcou58", "location": "Ouakam, Dakar, Sénégal", "nom": "Congelateur Astech 400L A+", "prix": "219900 CFA"}, {"image": "https://tinyurl.com/22xr962s", "location": "Dakar Plateau, Dakar, Sénégal", "nom": "Climatiseur portatif Roch 12000 btu", "prix": "210000 CFA"}, {"image": "https://tinyurl.com/2cjpunch", "location": "Ouakam, Dakar, Sénégal", "nom": "Cuisiniére électrique Astech 4 feux 60*60", "prix": "229900 CFA"}, {"image": "https://tinyurl.com/2a2kdlpf", "location": "Dakar Plateau, Dakar, Sénégal", "nom": "Cuisinière Astech 5 feux", "prix": "285000 CFA"}, {"image": "https://tinyurl.com/2xrcou58", "location": "Ouakam, Dakar, Sénégal", "nom": "Congelateur Astech 400L A+", "prix": "219900 CFA"}, {"image": "https://tinyurl.com/22xr962s", "location": "Dakar Plateau, Dakar, Sénégal", "nom": "Climatiseur portatif Roch 12000 btu", "prix": "210000 CFA"}, {"image": "https://tinyurl.com/2cjpunch", "location": "Ouakam, Dakar, Sénégal", "nom": "Cuisiniére électrique Astech 4 feux 60*60", "prix": "229900 CFA"}, {"image": "https://tinyurl.com/2a2kdlpf", "location": "Dakar Plateau, Dakar, Sénégal", "nom": "Cuisinière Astech 5 feux", "prix": "285000 CFA"}, {"image": "https://tinyurl.com/2xrcou58", "location": "Ouakam, Dakar, Sénégal", "nom": "Congelateur Astech 400L A+", "prix": "219900 CFA"}, {"image": "https://tinyurl.com/22xr962s", "location": "Dakar Plateau, Dakar, Sénégal", "nom": "Climatiseur portatif Roch 12000 btu", "prix": "210000 CFA"}, {"image": "https://tinyurl.com/2cjpunch", "location": "Ouakam, Dakar, Sénégal", "nom": "Cuisiniére électrique Astech 4 feux 60*60", "prix": "229900 CFA"}, {"image": "https://tinyurl.com/2a2kdlpf", "location": "Dakar Plateau, Dakar, Sénégal", "nom": "Cuisinière Astech 5 feux", "prix": "285000 CFA"}, {"image": "https://tinyurl.com/2xrcou58", "location": "Ouakam, Dakar, Sénégal", "nom": "Congelateur Astech 400L A+", "prix": "219900 CFA"}, {"image": "https://tinyurl.com/22xr962s", "location": "Dakar Plateau, Dakar, Sénégal", "nom": "Climatiseur portatif Roch 12000 btu", "prix": "210000 CFA"}, {"image": "https://tinyurl.com/2cjpunch", "location": "Ouakam, Dakar, Sénégal", "nom": "Cuisiniére électrique Astech 4 feux 60*60", "prix": "229900 CFA"}, {"image": "https://tinyurl.com/2a2kdlpf", "location": "Dakar Plateau, Dakar, Sénégal", "nom": "Cuisinière Astech 5 feux", "prix": "285000 CFA"}, {"image": "https://tinyurl.com/2xrcou58", "location": "Ouakam, Dakar, Sénégal", "nom": "Congelateur Astech 400L A+", "prix": "219900 CFA"}, {"image": "https://tinyurl.com/22xr962s", "location": "Dakar Plateau, Dakar, Sénégal", "nom": "Climatiseur portatif Roch 12000 btu", "prix": "210000 CFA"}, {"image": "https://tinyurl.com/2cjpunch", "location": "Ouakam, Dakar, Sénégal", "nom": "Cuisiniére électrique Astech 4 feux 60*60", "prix": "229900 CFA"}, {"image": "https://tinyurl.com/2a2kdlpf", "location": "Dakar Plateau, Dakar, Sénégal", "nom": "Cuisinière Astech 5 feux", "prix": "285000 CFA"}, {"image": "https://tinyurl.com/2xrcou58", "location": "Ouakam, Dakar, Sénégal", "nom": "Congelateur Astech 400L A+", "prix": "219900 CFA"}, {"image": "https://tinyurl.com/22xr962s", "location": "Dakar Plateau, Dakar, Sénégal", "nom": "Climatiseur portatif Roch 12000 btu", "prix": "210000 CFA"}, {"image": "https://tinyurl.com/2cjpunch", "location": "Ouakam, Dakar, Sénégal", "nom": "Cuisiniére électrique Astech 4 feux 60*60", "prix": "229900 CFA"}, {"image": "https://tinyurl.com/2a2kdlpf", "location": "Dakar Plateau, Dakar, Sénégal", "nom": "Cuisinière Astech 5 feux", "prix": "285000 CFA"}, {"image": "https://tinyurl.com/2xrcou58", "location": "Ouakam, Dakar, Sénégal", "nom": "Congelateur Astech 400L A+", "prix": "219900 CFA"}, {"image": "https://tinyurl.com/22xr962s", "location": "Dakar Plateau, Dakar, Sénégal", "nom": "Climatiseur portatif Roch 12000 btu", "prix": "210000 CFA"}, {"image": "https://tinyurl.com/2cjpunch", "location": "Ouakam, Dakar, Sénégal", "nom": "Cuisiniére électrique Astech 4 feux 60*60", "prix": "229900 CFA"}, {"image": "https://tinyurl.com/2a2kdlpf", "location": "Dakar Plateau, Dakar, Sénégal", "nom": "Cuisinière Astech 5 feux", "prix": "285000 CFA"}, {"image": "https://tinyurl.com/2xrcou58", "location": "Ouakam, Dakar, Sénégal", "nom": "Congelateur Astech 400L A+", "prix": "219900 CFA"}, {"image": "https://tinyurl.com/22xr962s", "location": "Dakar Plateau, Dakar, Sénégal", "nom": "Climatiseur portatif Roch 12000 btu", "prix": "210000 CFA"}, {"image": "https://tinyurl.com/2cjpunch", "location": "Ouakam, Dakar, Sénégal", "nom": "Cuisiniére électrique Astech 4 feux 60*60", "prix": "229900 CFA"}, {"image": "https://tinyurl.com/2a2kdlpf", "location": "Dakar Plateau, Dakar, Sénégal", "nom": "Cuisinière Astech 5 feux", "prix": "285000 CFA"}, {"image": "https://tinyurl.com/2xrcou58", "location": "Ouakam, Dakar, Sénégal", "nom": "Congelateur Astech 400L A+", "prix": "219900 CFA"}, {"image": "https://tinyurl.com/22xr962s", "location": "Dakar Plateau, Dakar, Sénégal", "nom": "Climatiseur portatif Roch 12000 btu", "prix": "210000 CFA"}, {"image": "https://tinyurl.com/2cjpunch", "location": "Ouakam, Dakar, Sénégal", "nom": "Cuisiniére électrique Astech 4 feux 60*60", "prix": "229900 CFA"}, {"image": "https://tinyurl.com/2a2kdlpf", "location": "Dakar Plateau, Dakar, Sénégal", "nom": "Cuisinière Astech 5 feux", "prix": "285000 CFA"}, {"image": "https://tinyurl.com/2xrcou58", "location": "Ouakam, Dakar, Sénégal", "nom": "Congelateur Astech 400L A+", "prix": "219900 CFA"}, {"image": "https://tinyurl.com/22xr962s", "location": "Dakar Plateau, Dakar, Sénégal", "nom": "Climatiseur portatif Roch 12000 btu", "prix": "210000 CFA"}, {"image": "https://tinyurl.com/2cjpunch", "location": "Ouakam, Dakar, Sénégal", "nom": "Cuisiniére électrique Astech 4 feux 60*60", "prix": "229900 CFA"}, {"image": "https://tinyurl.com/2a2kdlpf", "location": "Dakar Plateau, Dakar, Sénégal", "nom": "Cuisinière Astech 5 feux", "prix": "285000 CFA"}, {"image": "https://tinyurl.com/2xrcou58", "location": "Ouakam, Dakar, Sénégal", "nom": "Congelateur Astech 400L A+", "prix": "219900 CFA"}, {"image": "https://tinyurl.com/22xr962s", "location": "Dakar Plateau, Dakar, Sénégal", "nom": "Climatiseur portatif Roch 12000 btu", "prix": "210000 CFA"}, {"image": "https://tinyurl.com/2cjpunch", "location": "Ouakam, Dakar, Sénégal", "nom": "Cuisiniére électrique Astech 4 feux 60*60", "prix": "229900 CFA"}, {"image": "https://tinyurl.com/2a2kdlpf", "location": "Dakar Plateau, Dakar, Sénégal", "nom": "Cuisinière Astech 5 feux", "prix": "285000 CFA"}, {"image": "https://tinyurl.com/2xrcou58", "location": "Ouakam, Dakar, Sénégal", "nom": "Congelateur Astech 400L A+", "prix": "219900 CFA"}, {"image": "https://tinyurl.com/22xr962s", "location": "Dakar Plateau, Dakar, Sénégal", "nom": "Climatiseur portatif Roch 12000 btu", "prix": "210000 CFA"}, {"image": "https://tinyurl.com/2cjpunch", "location": "Ouakam, Dakar, Sénégal", "nom": "Cuisiniére électrique Astech 4 feux 60*60", "prix": "229900 CFA"}, {"image": "https://tinyurl.com/2a2kdlpf", "location": "Dakar Plateau, Dakar, Sénégal", "nom": "Cuisinière Astech 5 feux", "prix": "285000 CFA"}, {"image": "https://tinyurl.com/2xrcou58", "location": "Ouakam, Dakar, Sénégal", "nom": "Congelateur Astech 400L A+", "prix": "219900 CFA"}, {"image": "https://tinyurl.com/22xr962s", "location": "Dakar Plateau, Dakar, Sénégal", "nom": "Climatiseur portatif Roch 12000 btu", "prix": "210000 CFA"}, {"image": "https://tinyurl.com/2cjpunch", "location": "Ouakam, Dakar, Sénégal", "nom": "Cuisiniére électrique Astech 4 feux 60*60", "prix": "229900 CFA"}, {"image": "https://tinyurl.com/2a2kdlpf", "location": "Dakar Plateau, Dakar, Sénégal", "nom": "Cuisinière Astech 5 feux", "prix": "285000 CFA"}, {"image": "https://tinyurl.com/2xrcou58", "location": "Ouakam, Dakar, Sénégal", "nom": "Congelateur Astech 400L A+", "prix": "219900 CFA"}, {"image": "https://tinyurl.com/22xr962s", "location": "Dakar Plateau, Dakar, Sénégal", "nom": "Climatiseur portatif Roch 12000 btu", "prix": "210000 CFA"}, {"image": "https://tinyurl.com/2cjpunch", "location": "Ouakam, Dakar, Sénégal", "nom": "Cuisiniére électrique Astech 4 feux 60*60", "prix": "229900 CFA"}, {"nom": "Lave-linge séchant CANDY CSWS485TWMRE47", "note": "4,5/5 (2 avis clients)", "prix": "306781 CFA", "image": "https://tinyurl.com/2y7m3phv", "location": "Patte d'oie, Dakar, Sénégal"}, {"nom": "Lave-linge hublot SAMSUNG WW90T554DTW", "note": "5/5 (1 avis clients)", "prix": "382489 CFA", "image": "https://tinyurl.com/25uxyylg", "location": "Ouakam, Dakar, Sénégal"}, {"nom": "Lave-linge frontal SAMSUNG WW90T634DHE", "note": "3/5 (1 avis clients)", "prix": "409481 CFA", "image": "https://tinyurl.com/2xvxqksy", "location": "Patte d'oie, Dakar, Sénégal"}, {"nom": "Lave-linge hublot SAMSUNG WW80T554DTW", "note": "5/5 (1 avis clients)", "prix": "427256 CFA", "image": "https://tinyurl.com/2yyeweeu", "location": "Patte d'oie, Dakar, Sénégal"}, {"nom": "Lave-linge hublot SAMSUNG WW80T684DLH", "note": "5/5 (1 avis clients)", "prix": "456222 CFA", "image": "https://tinyurl.com/28yvbs3o", "location": "Dakar, Sénégal"}, {"nom": "Lave-linge séchant SAMSUNG WD10T534DBW", "note": "1/5 (1 avis clients)", "prix": "591838 CFA", "image": "https://tinyurl.com/22bamgwd", "location": "Patte d'oie, Dakar, Sénégal"}, {"nom": "Lave-linge hublot SAMSUNG WW80TA046TH", "note": "5/5 (1 avis clients)", "prix": "358789 CFA", "image": "https://tinyurl.com/2742pjmr", "location": "Ouakam, Dakar, Sénégal"}, {"nom": "Lave-linge frontal LG F51P12WH", "note": "5/5 (1 avis clients)", "prix": "723504 CFA", "image": "https://tinyurl.com/238aw28b", "location": "Patte d'oie, Dakar, Sénégal"}, {"nom": "Lave-linge frontal LG F14V50WHS", "note": "no review", "prix": "418039 CFA", "image": "https://tinyurl.com/2cgzkqsz", "location": "Dakar Plateau, Dakar, Sénégal"}, {"nom": "Lave-linge hublot HAIER HW09CP1439N", "note": "no review", "prix": "311390 CFA", "image": "https://tinyurl.com/26durlkl", "location": "Dakar Plateau, Dakar, Sénégal"}, {"nom": "Lave-linge frontal SAMSUNG WW90TA046AX", "note": "3,3/5 (3 avis clients)", "prix": "395656 CFA", "image": "https://tinyurl.com/2xna5aga", "location": "Dakar Plateau, Dakar, Sénégal"}, {"nom": "Lave-linge hublot CANDY CO12105TE1S", "note": "3/5 (2 avis clients)", "prix": "242923 CFA", "image": "https://tinyurl.com/28qqt6fs", "location": "Dakar Plateau, Dakar, Sénégal"}, {"nom": "Lave-linge top BRANDT BT652AT", "note": "no review", "prix": "315340 CFA", "image": "https://tinyurl.com/27qqzmmh", "location": "Dakar Plateau, Dakar, Sénégal"}, {"nom": "Lave-linge top VEDETTE LTV652B2", "note": "no review", "prix": "308098 CFA", "image": "https://tinyurl.com/28avenmu", "location": "Guediawaye, Dakar, Sénégal"}, {"nom": "Lave-linge top VEDETTE VLT1255W2", "note": "no review", "prix": "289665 CFA", "image": "https://tinyurl.com/2bjwg3m3", "location": "Patte d'oie, Dakar, Sénégal"}, {"nom": "Lave-linge hublot INDESIT EWC71252WFRN", "note": "no review", "prix": "277815 CFA", "image": "https://tinyurl.com/2dj4re3q", "location": "Patte d'oie, Dakar, Sénégal"}, {"nom": "Lave-linge hublot SAMSUNG WF18T8000GV", "note": "no review", "prix": "678738 CFA", "image": "https://tinyurl.com/2bc8rqac", "location": "Patte d'oie, Dakar, Sénégal"}, {"nom": "Lave-linge hublot SAMSUNG WF18T8000GW", "note": "no review", "prix": "789337 CFA", "image": "https://tinyurl.com/265qyg6e", "location": "Patte d'oie, Dakar, Sénégal"}, {"nom": "Lave-linge frontal CANDY CSS1413TWME147", "note": "4/5 (1 avis clients)", "prix": "359448 CFA", "image": "https://tinyurl.com/2axmzafv", "location": "Patte d'oie, Dakar, Sénégal"}, {"nom": "Lave-linge hublot VEDETTE LFVQ104W", "note": "5/5 (1 avis clients)", "prix": "321923 CFA", "image": "https://tinyurl.com/26s2mo3l", "location": "Patte d'oie, Dakar, Sénégal"}, {"nom": "Lave-linge séchant CANDY CSWS4128TWME47", "note": "no review", "prix": "524030 CFA", "image": "https://tinyurl.com/2b3mtpqm", "location": "Patte d'oie, Dakar, Sénégal"}, {"nom": "Lave-linge séchant CANDY CSWS4962DWE1S", "note": "no review", "prix": "355498 CFA", "image": "https://tinyurl.com/2xumaadl", "location": "Patte d'oie, Dakar, Sénégal"}, {"nom": "Lave-linge hublot INDESIT BWA101283XWFRN", "note": "5/5 (1 avis clients)", "prix": "262673 CFA", "image": "https://tinyurl.com/2bq26zbw", "location": "Patte d'oie, Dakar, Sénégal"}, {"nom": "Lave-linge hublot BRANDT WFB180W", "note": "no review", "prix": "293615 CFA", "image": "https://tinyurl.com/296aqdax", "location": "Patte d'oie, Dakar, Sénégal"}, {"nom": "Lave-linge hublot BRANDT WFB124QW", "note": "4/5 (1 avis clients)", "prix": "360764 CFA", "image": "https://tinyurl.com/2anu4q67", "location": "Patte d'oie, Dakar, Sénégal"}, {"nom": "Lave-linge hublot SIEMENS WM16XLH2FF", "note": "no review", "prix": "855170 CFA", "image": "https://tinyurl.com/2arbajq3", "location": "Patte d'oie, Dakar, Sénégal"}, {"nom": "Lave-linge hublot BOSCH WAN28117FF", "note": "no review", "prix": "364056 CFA", "image": "https://tinyurl.com/2yrmjsmj", "location": "Dakar, Sénégal"}, {"nom": "Lave-linge hublot SHARP ESNFA0142WD", "note": "5/5 (1 avis clients)", "prix": "300198 CFA", "image": "https://tinyurl.com/2639quck", "location": "Dakar, Sénégal"}, {"nom": "Lave-linge hublot WHIRLPOOL W8W846WBFR", "note": "no review", "prix": "447006 CFA", "image": "https://tinyurl.com/2c5gf7zy", "location": "Patte d'oie, Dakar, Sénégal"}, {"nom": "Lave-linge hublot VEDETTE LFV184W", "note": "no review", "prix": "298223 CFA", "image": "https://tinyurl.com/26wxlue3", "location": "Patte d'oie, Dakar, Sénégal"}, {"nom": "Lave-linge top VEDETTE VT16022", "note": "no review", "prix": "314681 CFA", "image": "https://tinyurl.com/2y8cwj9p", "location": "Grand Yoff, Dakar, Sénégal"}, {"nom": "Lave-linge top CANDY CSTG482DE147", "note": "5/5 (1 avis clients)", "prix": "248848 CFA", "image": "https://tinyurl.com/2xpvmvja", "location": "Patte d'oie, Dakar, Sénégal"}, {"nom": "Lave-linge frontal ELECTROLUX EW6F4130SP", "note": "no review", "prix": "361423 CFA", "image": "https://tinyurl.com/2y387ccv", "location": "Ouakam, Dakar, Sénégal"}, {"nom": "Lave-linge hublot ELECTROLUX EW7F3921RB", "note": "no review", "prix": "499672 CFA", "image": "https://tinyurl.com/25hsgb4p", "location": "Patte d'oie, Dakar, Sénégal"}, {"nom": "Lave-linge séchant ELECTROLUX EW7W3922RB", "note": "5/5 (1 avis clients)", "prix": "526005 CFA", "image": "https://tinyurl.com/26wsvkj2", "location": "Ouakam, Dakar, Sénégal"}, {"nom": "Lave-linge hublot FAURE FWF84404DD", "note": "no review", "prix": "319948 CFA", "image": "https://tinyurl.com/25eeahht", "location": "Ouakam, Dakar, Sénégal"}, {"nom": "Lave-linge frontal SHARP ESHFB7143WD", "note": "no review", "prix": "216590 CFA", "image": "https://tinyurl.com/2xqqwlo9", "location": "Dakar Plateau, Dakar, Sénégal"}, {"nom": "Lave-linge frontal ELECTROLUX EW6F3112RC", "note": "no review", "prix": "417381 CFA", "image": "https://tinyurl.com/263nvpf3", "location": "Dakar Plateau, Dakar, Sénégal"}, {"nom": "Lave-linge hublot WHIRLPOOL W6W845WBFR", "note": "no review", "prix": "485847 CFA", "image": "https://tinyurl.com/2c59cqgq", "location": "Dakar Plateau, Dakar, Sénégal"}, {"nom": "Lave-linge frontal LG F94V40WH", "note": "no review", "prix": "371298 CFA", "image": "https://tinyurl.com/23vbg3uc", "location": "Patte d'oie, Dakar, Sénégal"}, {"nom": "Lave-linge hublot ELECTROLUX EW6F1495FC", "note": "no review", "prix": "407506 CFA", "image": "https://tinyurl.com/23og4gnk", "location": "Dakar Plateau, Dakar, Sénégal"}, {"nom": "Lave-linge hublot FAURE FWF7474B52", "note": "no review", "prix": "302173 CFA", "image": "https://tinyurl.com/26jqfm99", "location": "Dakar Plateau, Dakar, Sénégal"}, {"nom": "Lave-linge top BRANDT BT16524Q", "note": "no review", "prix": "328506 CFA", "image": "https://tinyurl.com/2btneqx3", "location": "Dakar, Sénégal"}, {"nom": "Lave-linge hublot BEKO WTV8712BS1W", "note": "no review", "prix": "272548 CFA", "image": "https://tinyurl.com/25vc44hy", "location": "Ouakam, Dakar, Sénégal"}, {"nom": "Lave-linge hublot BEKO LLF11W2", "note": "no review", "prix": "349573 CFA", "image": "https://tinyurl.com/22oym4rq", "location": "Ouakam, Dakar, Sénégal"}, {"nom": "Lave-linge hublot BOSCH WUU28T19FF", "note": "5/5 (1 avis clients)", "prix": "405531 CFA", "image": "https://tinyurl.com/26x2nhqw", "location": "Dakar Plateau, Dakar, Sénégal"}, {"nom": "Lave-linge séchant ELECTROLUX EWW1686WS", "note": "no review", "prix": "476630 CFA", "image": "https://tinyurl.com/24el2epq", "location": "Ouakam, Dakar, Sénégal"}, {"nom": "Lave-linge hublot WHIRLPOOL FFBD10469BSVFR", "note": "no review", "prix": "429889 CFA", "image": "https://tinyurl.com/27cvezss", "location": "Dakar, Sénégal"}, {"nom": "Lave-linge frontal ELECTROLUX EW6F4805CR", "note": "no review", "prix": "341673 CFA", "image": "https://tinyurl.com/22nkh9pa", "location": "Patte d'oie, Dakar, Sénégal"}, {"nom": "Lave-linge hublot SHARP ESNFB914AWB", "note": "5/5 (2 avis clients)", "prix": "296248 CFA", "image": "https://tinyurl.com/2dyshgn8", "location": "Dakar, Sénégal"}, {"nom": "Lave-linge hublot WHIRLPOOL FFBS8469WVFR", "note": "no review", "prix": "347598 CFA", "image": "https://tinyurl.com/29rz2hyx", "location": "Patte d'oie, Dakar, Sénégal"}, {"nom": "Lave-linge hublot BOSCH WAX32M01FF", "note": "no review", "prix": "657671 CFA", "image": "https://tinyurl.com/227auvtt", "location": "Guediawaye, Dakar, Sénégal"}, {"nom": "Lave-linge hublot SAMSUNG WW90T4020EH", "note": "no review", "prix": "340356 CFA", "image": "https://tinyurl.com/2356h7aq", "location": "Ouakam, Dakar, Sénégal"}, {"nom": "Lave-linge frontal SAMSUNG WW11BB504DAWS3", "note": "no review", "prix": "558263 CFA", "image": "https://tinyurl.com/23ppjyv2", "location": "Grand Yoff, Dakar, Sénégal"}, {"nom": "Lave-linge frontal LG F14V52IXS", "note": "no review", "prix": "464122 CFA", "image": "https://tinyurl.com/2bknbudu", "location": "Grand Yoff, Dakar, Sénégal"}, {"nom": "Lave-linge top INDESIT BTWPS62400FRN", "note": "no review", "prix": "262673 CFA", "image": "https://tinyurl.com/25u2mj9j", "location": "Grand Yoff, Dakar, Sénégal"}, {"nom": "Lave-linge hublot SAMSUNG WW11BB704DGWS3", "note": "5/5 (1 avis clients)", "prix": "522055 CFA", "image": "https://tinyurl.com/25nhv3l6", "location": "Grand Yoff, Dakar, Sénégal"}, {"nom": "Lave-linge hublot MIELE WSA023", "note": "no review", "prix": "624755 CFA", "image": "https://tinyurl.com/2bxeu7cx", "location": "Dakar, Sénégal"}, {"nom": "Lave-linge hublot MIELE WCD660", "note": "no review", "prix": "917053 CFA", "image": "https://tinyurl.com/28oxyg3m", "location": "Patte d'oie, Dakar, Sénégal"}, {"nom": "Lave-linge hublot BEKO WUE6612W1W", "note": "no review", "prix": "221857 CFA", "image": "https://tinyurl.com/2b5jme8r", "location": "Almadies, Dakar, Sénégal"}, {"nom": "Package LG 4.5 Cu. Ft. High", "image": "https://tinyurl.com/24lvt6d2", "prix": "785895 CFA", "note": "User rating, 4.5 out of 5 stars with 1674 reviews.", "location": "Dakar, Sénégal"}, {"nom": "Ninja 7 Style Espresso & Coffee", "image": "https://tinyurl.com/22qzar3k", "prix": "120395 CFA", "note": "Rating 4.6 out of 5 stars with 300 reviews", "location": "Dakar Plateau, Dakar, Sénégal"}, {"nom": "KingHome 150 Sq. Ft. 5,000 BTU", "image": "https://tinyurl.com/2dgqes54", "prix": "114345 CFA", "note": "Rating 4 out of 5 stars with 2 reviews", "location": "Grand Yoff, Dakar, Sénégal"}, {"nom": "LG 30\" Built-In Electric Convection Combination", "image": "https://tinyurl.com/2cklfxy5", "prix": "1814395 CFA", "note": "Rating 5 out of 5 stars with 1 reviewfalse", "location": "Grand Yoff, Dakar, Sénégal"}, {"nom": "BISSELL CrossWave Pet Pro All-in-One Multi-Surface", "image": "https://tinyurl.com/2dlv72yv", "prix": "199045 CFA", "note": "Rating 4.3 out of 5 stars with 1251 reviews", "location": "Grand Yoff, Dakar, Sénégal"}, {"nom": "Package Thermador ProHarmony 5.0 Cu. Ft.", "image": "https://tinyurl.com/2asbf9q7", "prix": "7258790 CFA", "note": "User rating, 4.2 out of 5 stars with 29 reviews.", "location": "Grand Yoff, Dakar, Sénégal"}, {"nom": "Viking Professional 5 Series Quiet Cool", "image": "https://tinyurl.com/2yhhueo3", "prix": "6811695 CFA", "note": "Rating 4.3 out of 5 stars with 4 reviews", "location": "Ouakam, Dakar, Sénégal"}, {"nom": "Honeywell Home QuietSet Tower Fan White", "image": "https://tinyurl.com/28qk7stk", "prix": "36905 CFA", "note": "Rating 4.4 out of 5 stars with 4135 reviews", "location": "Ouakam, Dakar, Sénégal"}, {"nom": "LG 27 Cu. Ft. Side-by-Side Smart", "image": "https://tinyurl.com/22d8pepj", "prix": "1027895 CFA", "note": "Rating 4.6 out of 5 stars with 514 reviews", "location": "Ouakam, Dakar, Sénégal"}, {"nom": "Samsung 28 cu. ft. Side-by-Side Refrigerator", "image": "https://tinyurl.com/23hwnad8", "prix": "664895 CFA", "note": "Rating 4.7 out of 5 stars with 476 reviews", "location": "Ouakam, Dakar, Sénégal"}, {"nom": "Panasonic HomeCHEF .7 Cu. Ft. 7-in-1", "image": "https://tinyurl.com/2aw6pvfj", "prix": "301895 CFA", "note": "Rating 4.1 out of 5 stars with 33 reviews", "location": "Patte d'oie, Dakar, Sénégal"}, {"nom": "Shark Matrix Self-Emptying Robot Vacuum with", "image": "https://tinyurl.com/24rsdcuo", "prix": "301895 CFA", "note": "Rating 5 out of 5 stars with 1 reviewfalse", "location": "Ouakam, Dakar, Sénégal"}, {"nom": "Package Bosch 800 Series 20.5 Cu.", "image": "https://tinyurl.com/2885u9lp", "prix": "7271495 CFA", "note": "User rating, 4.6 out of 5 stars with 341 reviews.", "location": "Patte d'oie, Dakar, Sénégal"}]