[{"nom_l":"Elgato - Key Light Air LED Panel","prix_l":"$129.99","description":"description 4.6 out of 5 stars with 462 reviews","image":"https://pisces.bbystatic.com/image2/BestBuy_US/images/products/6395/6395424_rd.jpg;maxHeight=200;maxWidth=300","id_l":1},{"nom_l":"Digipower - Follow ME Vlogging Kit for Phones and Cameras – Includes Microphone, LED light, Bluetooth remote, phone grip and tripod","prix_l":"$34.99","description":"description 4 out of 5 stars with 143 reviews","image":"https://pisces.bbystatic.com/image2/BestBuy_US/images/products/6403/6403891_rd.jpg;maxHeight=200;maxWidth=300","id_l":2},{"nom_l":"Philips - Hue Play White & Color Ambiance Smart LED Bar Light - Multicolor","prix_l":"$89.99","description":"description 4.7 out of 5 stars with 553 reviews","image":"https://pisces.bbystatic.com/image2/BestBuy_US/images/products/6298/6298637_sd.jpg;maxHeight=200;maxWidth=300","id_l":3},{"nom_l":"Philips - Hue Play Gradient Lightstrip 65\"","prix_l":"$269.99","description":"description 4.6 out of 5 stars with 940 reviews","image":"https://pisces.bbystatic.com/image2/BestBuy_US/images/products/6427/6427739_sd.jpg;maxHeight=200;maxWidth=300","id_l":4},{"nom_l":"Nanoleaf - Elements Hexagons Smarter Kit (7 Panels) - Wood Look","prix_l":"$199.99","description":"description 4.4 out of 5 stars with 68 reviews","image":"https://pisces.bbystatic.com/image2/BestBuy_US/images/products/6468/6468313_sd.jpg;maxHeight=200;maxWidth=300","id_l":5},{"nom_l":"Digipower - Trimate - Video Call Vlogging Light With Wireless Remote - Black","prix_l":"$18.99","description":"description 4.4 out of 5 stars with 41 reviews","image":"https://pisces.bbystatic.com/image2/BestBuy_US/images/products/6454/6454617_rd.jpg;maxHeight=200;maxWidth=300","id_l":6},{"nom_l":"Tocad - Sunpak Self Storing Ring Light Vlogging Kit","prix_l":"$29.99","description":"description 4.3 out of 5 stars with 828 reviews","image":"https://pisces.bbystatic.com/image2/BestBuy_US/images/products/6408/6408767_rd.jpg;maxHeight=200;maxWidth=300","id_l":7},{"nom_l":"Nanoleaf - Lines 60 Degrees Smarter Kit (9 Light Lines) - Multicolor","prix_l":"$179.99","description":"description 4.5 out of 5 stars with 79 reviews","image":"https://pisces.bbystatic.com/image2/BestBuy_US/images/products/6484/6484753_sd.jpg;maxHeight=200;maxWidth=300","id_l":8},{"nom_l":"Sunpak - LED 448 19\" Bi-Color Ring Light Kit - Black","prix_l":"$74.99","description":"description 4.4 out of 5 stars with 988 reviews","image":"https://pisces.bbystatic.com/image2/BestBuy_US/images/products/6287/6287459_rd.jpg;maxHeight=200;maxWidth=300","id_l":9},{"nom_l":"Logitech - Litra Glow Premium LED Streaming Light with TrueSoft, Adjustable mount and Desktop app control for PC/Mac - Graphite","prix_l":"$59.99","description":"description 4.6 out of 5 stars with 217 reviews","image":"https://pisces.bbystatic.com/image2/BestBuy_US/images/products/6493/6493239_rd.jpg;maxHeight=200;maxWidth=300","id_l":10},{"nom_l":"Savage - LED Studio Light Kit","prix_l":"$175.99","description":"description 4.5 out of 5 stars with 146 reviews","image":"https://pisces.bbystatic.com/image2/BestBuy_US/images/products/5931/5931106_rd.jpg;maxHeight=200;maxWidth=300","id_l":11},{"nom_l":"Philips - Geek Squad Certified Refurbished Hue Play White & Color Ambiance Smart LED Bar Light (2-Pack) - Multicolor","prix_l":"$99.99","description":"description 4.4 out of 5 stars with 149 reviews","image":"https://pisces.bbystatic.com/image2/BestBuy_US/images/products/6414/6414880_sd.jpg;maxHeight=200;maxWidth=300","id_l":12},{"nom_l":"Logitech - Litra Beam Premium LED Streaming Light with TrueSoft Technology and Brightness/Color Temperature Settings - Black","prix_l":"$99.99","description":"description 4.7 out of 5 stars with 94 reviews","image":"https://pisces.bbystatic.com/image2/BestBuy_US/images/products/6520/6520378_rd.jpg;maxHeight=200;maxWidth=300","id_l":13},{"nom_l":"Philips - Hue Play Smart LED Bar Light (2-Pack) - White and Color Ambiance","prix_l":"$159.99","description":"description 4.7 out of 5 stars with 1974 reviews","image":"https://pisces.bbystatic.com/image2/BestBuy_US/images/products/6298/6298635_sd.jpg;maxHeight=200;maxWidth=300","id_l":14},{"nom_l":"Govee - Wi-Fi RGBIC LED Strip Light - 25 feet - Multi","prix_l":"$44.99","description":"description 4.7 out of 5 stars with 338 reviews","image":"https://pisces.bbystatic.com/image2/BestBuy_US/images/products/6503/6503422_sd.jpg;maxHeight=200;maxWidth=300","id_l":15},{"nom_l":"Nanoleaf - Shapes Hexagons Smarter Kit (7 Panels) - Multicolor","prix_l":"$169.99","description":"description 4.5 out of 5 stars with 380 reviews","image":"https://pisces.bbystatic.com/image2/BestBuy_US/images/products/6426/6426520_sd.jpg;maxHeight=200;maxWidth=300","id_l":16},{"nom_l":"Philips - Hue A21 Bluetooth 100W LED Bulb - White","prix_l":"$21.99","description":"description 4.7 out of 5 stars with 236 reviews","image":"https://pisces.bbystatic.com/image2/BestBuy_US/images/products/6415/6415102_sd.jpg;maxHeight=200;maxWidth=300","id_l":17},{"nom_l":"Nanoleaf - Shapes Triangles Smarter Kit (7 Panels) - Multicolor","prix_l":"$169.99","description":"description 4.4 out of 5 stars with 271 reviews","image":"https://pisces.bbystatic.com/image2/BestBuy_US/images/products/6426/6426519_rd.jpg;maxHeight=200;maxWidth=300","id_l":18},{"nom_l":" PAVE LED 600X600 32W 4000K ","prix_l":"32,28 €TTC","description":" PANEL LED 600x600 UGR<19 BACKLIT 32W 3500LM 110LM/W 4000K IP20 IK02 ACIER ET PMMA IRC>80 NON DIMMABLE 50000H 5 ANS L70B50","image":"https://www.alliancelec.fr/131347-home_default/pave-led-600x600-32w-4000k.jpg","id_l":19},{"nom_l":" Dalle 600x600 Pave Led 6000K ","prix_l":"37,66 €TTC","description":" Dalle 600x600 Pave Led 6000K VISION EL, Vendu par 2","image":"https://www.alliancelec.fr/45997-home_default/dalle-600x600-pave-led-6000k.jpg","id_l":20},{"nom_l":" Spot Led Spryte IP44 240V Orientable 6W 60° 4000K / Aurora ","prix_l":"26,16 €TTC","description":" Spot Led Spryte IP44 240V Orientable 6W 60° 4000K, Blanc Froid, gradable, pour Salle de bain, conforme à la norme NFC 15-100","image":"https://www.alliancelec.fr/45987-home_default/spot-led-spryte-ip44-240v-orientable-6w-60-4000k-aurora.jpg","id_l":21},{"nom_l":" Spot Led Spryte IP44 240V Orientable 6W 60° 3000K / Aurora ","prix_l":"25,34 €TTC","description":" Spot Led Spryte IP44 240V Orientable 6W 60° 3000K, Blanc Chaud, gradable, pour Salle de bain, conforme à la norme NFC 15-100","image":"https://www.alliancelec.fr/45985-home_default/spot-led-spryte-ip44-240v-orientable-6w-60-3000k-aurora.jpg","id_l":22},{"nom_l":" Spot Led Spryte IP44 240V Fixe 6W 60° 4000K / Aurora ","prix_l":"26,16 €TTC","description":" Spot Led Spryte IP44 240V Fixe 6W 60° 4000K, Blanc Froid, gradable, pour Salle de bain, conforme à la norme NFC 15-100","image":"https://www.alliancelec.fr/45982-home_default/spot-led-spryte-ip44-240v-fixe-6w-60-4000k-aurora.jpg","id_l":23},{"nom_l":" Lampe à poser Olaf - Reine des neiges / Paladone ","prix_l":"12,90 €TTC","description":" Reine des neiges - Disney Lampe Olaf / Paladone Recharge sur batterie ou via câble USB Hauteur : 20 cm","image":"https://www.alliancelec.fr/45891-home_default/lampe-a-poser-olaf-reine-des-neiges-paladone.jpg","id_l":24},{"nom_l":" Stormtrooper Icon Light - Disney / Paladone ","prix_l":"12,99 €TTC","description":" Icon Light Stormtrooper Star Wars - Disney  Taille 12cm Alimentation : 2 pile AAA (non fournies)","image":"https://www.alliancelec.fr/45887-home_default/stormtrooper-icon-light-disney-paladone.jpg","id_l":25},{"nom_l":" Rey Icon Light - Disney / Paladone ","prix_l":"12,99 €TTC","description":" Icon Light Rey Star Wars - Disney  Taille 12cm Alimentation : 2 pile AAA (non fournies)","image":"https://www.alliancelec.fr/45884-home_default/rey-icon-light-disney-paladone.jpg","id_l":26},{"nom_l":" Chewbacca Icon Light - Disney / Paladone ","prix_l":"12,99 €TTC","description":" Icon Light Chewbacca Star Wars - Disney  Taille 12cm Alimentation : 2 pile AAA (non fournies)","image":"https://www.alliancelec.fr/45881-home_default/chewbacca-icon-light-disney-paladone.jpg","id_l":27},{"nom_l":" Spot Led Spryte IP44 240V Fixe 6W 60° 3000K / Aurora ","prix_l":"26,16 €TTC","description":" Spot Led Spryte IP44 240V Fixe 6W 60° 3000K, Blanc Chaud, gradable, pour Salle de bain, conforme à la norme NFC 15-100","image":"https://www.alliancelec.fr/45269-home_default/spot-led-spryte-ip44-240v-fixe-6w-60-3000k-aurora.jpg","id_l":28},{"nom_l":" Figurine lumineuse - Mickey / Pixel Pals ","prix_l":"12,49 €TTC","description":" Figurine Pixel pals Mickey   Taille 15cm  Dispose d'un interrupteur à l'arrière de la figurine afin de pouvoir illuminer le produit Alimentation : 2 pile AAA (non fournies)","image":"https://www.alliancelec.fr/45132-home_default/figurine-lumineuse-mickey-pixel-pals.jpg","id_l":29},{"nom_l":" Figurine lumineuse - Donald / Pixel Pals ","prix_l":"12,49 €TTC","description":" Figurine Pixel pals Donald   Taille 15cm  Dispose d'un interrupteur à l'arrière de la figurine afin de pouvoir illuminer le produit Alimentation : 2 pile AAA (non fournies)","image":"https://www.alliancelec.fr/45131-home_default/figurine-lumineuse-donald-pixel-pals.jpg","id_l":30},{"nom_l":" Figurine lumineuse - Super Mario Bros 3 / Pixel Pals ","prix_l":"12,49 €TTC","description":" Figurine Pixel pals Super Mario Bros 3   Taille 15cm  Dispose d'un interrupteur à l'arrière de la figurine afin de pouvoir illuminer le produit Alimentation : 2 pile AAA (non fournies)","image":"https://www.alliancelec.fr/45130-home_default/figurine-lumineuse-super-mario-bros-3-pixel-pals.jpg","id_l":31},{"nom_l":" Figurine lumineuse - Sonic the Hedgehog / Pixel Pals ","prix_l":"12,49 €TTC","description":" Figurine Pixel pals Sonic the Hedgehog Taille 15cm  Dispose d'un interrupteur à l'arrière de la figurine afin de pouvoir illuminer le produit Alimentation : 2 pile AAA (non fournies)","image":"https://www.alliancelec.fr/45012-home_default/figurine-lumineuse-sonic-the-hedgehog-pixel-pals.jpg","id_l":32},{"nom_l":" Figurine lumineuse - Super Mario World / Pixel Pals ","prix_l":"12,49 €TTC","description":" Figurine Pixel pals Super Mario World  Taille 15cm  Dispose d'un interrupteur à l'arrière de la figurine afin de pouvoir illuminer le produit Alimentation : 2 pile AAA (non fournies)","image":"https://www.alliancelec.fr/45010-home_default/figurine-lumineuse-super-mario-world-pixel-pals.jpg","id_l":33},{"nom_l":"Elgato - Key Light Air LED Panel","prix_l":"$129.99","description":"description 4.6 out of 5 stars with 462 reviews","image":"https://pisces.bbystatic.com/image2/BestBuy_US/images/products/6395/6395424_rd.jpg;maxHeight=200;maxWidth=300","id_l":34},{"nom_l":"Digipower - Follow ME Vlogging Kit for Phones and Cameras – Includes Microphone, LED light, Bluetooth remote, phone grip and tripod","prix_l":"$34.99","description":"description 4 out of 5 stars with 143 reviews","image":"https://pisces.bbystatic.com/image2/BestBuy_US/images/products/6403/6403891_rd.jpg;maxHeight=200;maxWidth=300","id_l":35},{"nom_l":"Philips - Hue Play White & Color Ambiance Smart LED Bar Light - Multicolor","prix_l":"$89.99","description":"description 4.7 out of 5 stars with 553 reviews","image":"https://pisces.bbystatic.com/image2/BestBuy_US/images/products/6298/6298637_sd.jpg;maxHeight=200;maxWidth=300","id_l":36},{"nom_l":"Philips - Hue Play Gradient Lightstrip 65\"","prix_l":"$269.99","description":"description 4.6 out of 5 stars with 940 reviews","image":"https://pisces.bbystatic.com/image2/BestBuy_US/images/products/6427/6427739_sd.jpg;maxHeight=200;maxWidth=300","id_l":37},{"nom_l":"Nanoleaf - Elements Hexagons Smarter Kit (7 Panels) - Wood Look","prix_l":"$199.99","description":"description 4.4 out of 5 stars with 68 reviews","image":"https://pisces.bbystatic.com/image2/BestBuy_US/images/products/6468/6468313_sd.jpg;maxHeight=200;maxWidth=300","id_l":38},{"nom_l":"Digipower - Trimate - Video Call Vlogging Light With Wireless Remote - Black","prix_l":"$18.99","description":"description 4.4 out of 5 stars with 41 reviews","image":"https://pisces.bbystatic.com/image2/BestBuy_US/images/products/6454/6454617_rd.jpg;maxHeight=200;maxWidth=300","id_l":39},{"nom_l":"Tocad - Sunpak Self Storing Ring Light Vlogging Kit","prix_l":"$29.99","description":"description 4.3 out of 5 stars with 828 reviews","image":"https://pisces.bbystatic.com/image2/BestBuy_US/images/products/6408/6408767_rd.jpg;maxHeight=200;maxWidth=300","id_l":40},{"nom_l":"Nanoleaf - Lines 60 Degrees Smarter Kit (9 Light Lines) - Multicolor","prix_l":"$179.99","description":"description 4.5 out of 5 stars with 79 reviews","image":"https://pisces.bbystatic.com/image2/BestBuy_US/images/products/6484/6484753_sd.jpg;maxHeight=200;maxWidth=300","id_l":41},{"nom_l":"Sunpak - LED 448 19\" Bi-Color Ring Light Kit - Black","prix_l":"$74.99","description":"description 4.4 out of 5 stars with 988 reviews","image":"https://pisces.bbystatic.com/image2/BestBuy_US/images/products/6287/6287459_rd.jpg;maxHeight=200;maxWidth=300","id_l":42},{"nom_l":"Logitech - Litra Glow Premium LED Streaming Light with TrueSoft, Adjustable mount and Desktop app control for PC/Mac - Graphite","prix_l":"$59.99","description":"description 4.6 out of 5 stars with 217 reviews","image":"https://pisces.bbystatic.com/image2/BestBuy_US/images/products/6493/6493239_rd.jpg;maxHeight=200;maxWidth=300","id_l":43},{"nom_l":"Savage - LED Studio Light Kit","prix_l":"$175.99","description":"description 4.5 out of 5 stars with 146 reviews","image":"https://pisces.bbystatic.com/image2/BestBuy_US/images/products/5931/5931106_rd.jpg;maxHeight=200;maxWidth=300","id_l":44},{"nom_l":"Philips - Geek Squad Certified Refurbished Hue Play White & Color Ambiance Smart LED Bar Light (2-Pack) - Multicolor","prix_l":"$99.99","description":"description 4.4 out of 5 stars with 149 reviews","image":"https://pisces.bbystatic.com/image2/BestBuy_US/images/products/6414/6414880_sd.jpg;maxHeight=200;maxWidth=300","id_l":45},{"nom_l":"Logitech - Litra Beam Premium LED Streaming Light with TrueSoft Technology and Brightness/Color Temperature Settings - Black","prix_l":"$99.99","description":"description 4.7 out of 5 stars with 94 reviews","image":"https://pisces.bbystatic.com/image2/BestBuy_US/images/products/6520/6520378_rd.jpg;maxHeight=200;maxWidth=300","id_l":46},{"nom_l":"Philips - Hue Play Smart LED Bar Light (2-Pack) - White and Color Ambiance","prix_l":"$159.99","description":"description 4.7 out of 5 stars with 1974 reviews","image":"https://pisces.bbystatic.com/image2/BestBuy_US/images/products/6298/6298635_sd.jpg;maxHeight=200;maxWidth=300","id_l":47},{"nom_l":"Govee - Wi-Fi RGBIC LED Strip Light - 25 feet - Multi","prix_l":"$44.99","description":"description 4.7 out of 5 stars with 338 reviews","image":"https://pisces.bbystatic.com/image2/BestBuy_US/images/products/6503/6503422_sd.jpg;maxHeight=200;maxWidth=300","id_l":48},{"nom_l":"Nanoleaf - Shapes Hexagons Smarter Kit (7 Panels) - Multicolor","prix_l":"$169.99","description":"description 4.5 out of 5 stars with 380 reviews","image":"https://pisces.bbystatic.com/image2/BestBuy_US/images/products/6426/6426520_sd.jpg;maxHeight=200;maxWidth=300","id_l":49},{"nom_l":"Philips - Hue A21 Bluetooth 100W LED Bulb - White","prix_l":"$21.99","description":"description 4.7 out of 5 stars with 236 reviews","image":"https://pisces.bbystatic.com/image2/BestBuy_US/images/products/6415/6415102_sd.jpg;maxHeight=200;maxWidth=300","id_l":50},{"nom_l":"Nanoleaf - Shapes Triangles Smarter Kit (7 Panels) - Multicolor","prix_l":"$169.99","description":"description 4.4 out of 5 stars with 271 reviews","image":"https://pisces.bbystatic.com/image2/BestBuy_US/images/products/6426/6426519_rd.jpg;maxHeight=200;maxWidth=300","id_l":51},{"nom_l":" PAVE LED 600X600 32W 4000K ","prix_l":"32,28 €TTC","description":" PANEL LED 600x600 UGR<19 BACKLIT 32W 3500LM 110LM/W 4000K IP20 IK02 ACIER ET PMMA IRC>80 NON DIMMABLE 50000H 5 ANS L70B50","image":"https://www.alliancelec.fr/131347-home_default/pave-led-600x600-32w-4000k.jpg","id_l":52},{"nom_l":" Dalle 600x600 Pave Led 6000K ","prix_l":"37,66 €TTC","description":" Dalle 600x600 Pave Led 6000K VISION EL, Vendu par 2","image":"https://www.alliancelec.fr/45997-home_default/dalle-600x600-pave-led-6000k.jpg","id_l":53},{"nom_l":" Spot Led Spryte IP44 240V Orientable 6W 60° 4000K / Aurora ","prix_l":"26,16 €TTC","description":" Spot Led Spryte IP44 240V Orientable 6W 60° 4000K, Blanc Froid, gradable, pour Salle de bain, conforme à la norme NFC 15-100","image":"https://www.alliancelec.fr/45987-home_default/spot-led-spryte-ip44-240v-orientable-6w-60-4000k-aurora.jpg","id_l":54},{"nom_l":" Spot Led Spryte IP44 240V Orientable 6W 60° 3000K / Aurora ","prix_l":"25,34 €TTC","description":" Spot Led Spryte IP44 240V Orientable 6W 60° 3000K, Blanc Chaud, gradable, pour Salle de bain, conforme à la norme NFC 15-100","image":"https://www.alliancelec.fr/45985-home_default/spot-led-spryte-ip44-240v-orientable-6w-60-3000k-aurora.jpg","id_l":55},{"nom_l":" Spot Led Spryte IP44 240V Fixe 6W 60° 4000K / Aurora ","prix_l":"26,16 €TTC","description":" Spot Led Spryte IP44 240V Fixe 6W 60° 4000K, Blanc Froid, gradable, pour Salle de bain, conforme à la norme NFC 15-100","image":"https://www.alliancelec.fr/45982-home_default/spot-led-spryte-ip44-240v-fixe-6w-60-4000k-aurora.jpg","id_l":56},{"nom_l":" Lampe à poser Olaf - Reine des neiges / Paladone ","prix_l":"12,90 €TTC","description":" Reine des neiges - Disney Lampe Olaf / Paladone Recharge sur batterie ou via câble USB Hauteur : 20 cm","image":"https://www.alliancelec.fr/45891-home_default/lampe-a-poser-olaf-reine-des-neiges-paladone.jpg","id_l":57},{"nom_l":" Stormtrooper Icon Light - Disney / Paladone ","prix_l":"12,99 €TTC","description":" Icon Light Stormtrooper Star Wars - Disney  Taille 12cm Alimentation : 2 pile AAA (non fournies)","image":"https://www.alliancelec.fr/45887-home_default/stormtrooper-icon-light-disney-paladone.jpg","id_l":58},{"nom_l":" Rey Icon Light - Disney / Paladone ","prix_l":"12,99 €TTC","description":" Icon Light Rey Star Wars - Disney  Taille 12cm Alimentation : 2 pile AAA (non fournies)","image":"https://www.alliancelec.fr/45884-home_default/rey-icon-light-disney-paladone.jpg","id_l":59},{"nom_l":" Chewbacca Icon Light - Disney / Paladone ","prix_l":"12,99 €TTC","description":" Icon Light Chewbacca Star Wars - Disney  Taille 12cm Alimentation : 2 pile AAA (non fournies)","image":"https://www.alliancelec.fr/45881-home_default/chewbacca-icon-light-disney-paladone.jpg","id_l":60},{"nom_l":" Spot Led Spryte IP44 240V Fixe 6W 60° 3000K / Aurora ","prix_l":"26,16 €TTC","description":" Spot Led Spryte IP44 240V Fixe 6W 60° 3000K, Blanc Chaud, gradable, pour Salle de bain, conforme à la norme NFC 15-100","image":"https://www.alliancelec.fr/45269-home_default/spot-led-spryte-ip44-240v-fixe-6w-60-3000k-aurora.jpg","id_l":61},{"nom_l":" Figurine lumineuse - Mickey / Pixel Pals ","prix_l":"12,49 €TTC","description":" Figurine Pixel pals Mickey   Taille 15cm  Dispose d'un interrupteur à l'arrière de la figurine afin de pouvoir illuminer le produit Alimentation : 2 pile AAA (non fournies)","image":"https://www.alliancelec.fr/45132-home_default/figurine-lumineuse-mickey-pixel-pals.jpg","id_l":62},{"nom_l":" Figurine lumineuse - Donald / Pixel Pals ","prix_l":"12,49 €TTC","description":" Figurine Pixel pals Donald   Taille 15cm  Dispose d'un interrupteur à l'arrière de la figurine afin de pouvoir illuminer le produit Alimentation : 2 pile AAA (non fournies)","image":"https://www.alliancelec.fr/45131-home_default/figurine-lumineuse-donald-pixel-pals.jpg","id_l":63},{"nom_l":" Figurine lumineuse - Super Mario Bros 3 / Pixel Pals ","prix_l":"12,49 €TTC","description":" Figurine Pixel pals Super Mario Bros 3   Taille 15cm  Dispose d'un interrupteur à l'arrière de la figurine afin de pouvoir illuminer le produit Alimentation : 2 pile AAA (non fournies)","image":"https://www.alliancelec.fr/45130-home_default/figurine-lumineuse-super-mario-bros-3-pixel-pals.jpg","id_l":64},{"nom_l":" Figurine lumineuse - Sonic the Hedgehog / Pixel Pals ","prix_l":"12,49 €TTC","description":" Figurine Pixel pals Sonic the Hedgehog Taille 15cm  Dispose d'un interrupteur à l'arrière de la figurine afin de pouvoir illuminer le produit Alimentation : 2 pile AAA (non fournies)","image":"https://www.alliancelec.fr/45012-home_default/figurine-lumineuse-sonic-the-hedgehog-pixel-pals.jpg","id_l":65},{"nom_l":" Figurine lumineuse - Super Mario World / Pixel Pals ","prix_l":"12,49 €TTC","description":" Figurine Pixel pals Super Mario World  Taille 15cm  Dispose d'un interrupteur à l'arrière de la figurine afin de pouvoir illuminer le produit Alimentation : 2 pile AAA (non fournies)","image":"https://www.alliancelec.fr/45010-home_default/figurine-lumineuse-super-mario-world-pixel-pals.jpg","id_l":66},{"nom_l":" Spot à encaster LED 18W - 1530lm / Osram ","prix_l":"35,25 €TTC","description":" Spot à encaster LED 18W 4000K - 1530lm Osram Fréquence du réseau: 50/60Hz Temp. de couleur: 4000K Teinte de couleur: Blanc Froid Angle de rayonnement: 120° Diamètre: 225mm Diamètre d'encastrement: 210mm Hauteur: 30mm Durée de vie: 30000h Alimentation intégrée / IP20","image":"https://www.alliancelec.fr/44655-home_default/spot-a-encaster-led-18w-1530lm-osram.jpg","id_l":67},{"nom_l":" Kit Marina LED spot encastré - GU5,3 - 5W - Finition Alu... ","prix_l":"35,20 €TTC","description":" Kit Marina LED - GU5,3 - 5W - Alu Brossé / Aurora  Kit spot encastré rond fixe IP65 spécial SDB GU3,55W500 lumensAluminium Brossé","image":"https://www.alliancelec.fr/44554-home_default/kit-marina-led-spot-encastre-gu53-5w-alu-brosse-aurora.jpg","id_l":68},{"nom_l":" Spot LED plafond TORONTO 20W - 1600 lumens / GTV ","prix_l":"8,90 €TTC","description":"","image":"https://www.alliancelec.fr/44477-home_default/spot-led-plafond-toronto-20w-1600-lumens-gtv.jpg","id_l":69},{"nom_l":" Spot LED plafond VOLARE 5W - 400 lumens / GTV ","prix_l":"3,84 €TTC","description":" GTV LUMINAIRE LED VOLARE, DE TYPE DOWNLIGHT, 5 W, 400 LM, AC175250 V, 50 / 60 HZ, PF>0,5, RA>80, IP20, ANGLE D'ÉCLAIRAGE","image":"https://www.alliancelec.fr/44474-home_default/spot-led-plafond-volare-5w-400-lumens-gtv.jpg","id_l":70},{"nom_l":" Dalle LED 40W 4400 lumens / GTV ","prix_l":"64,30 €TTC","description":" GTV PANNEAU LED GALAXY 4 W, 44 LM, AC2224 V, 5 / 6 HZ, IP54, 6X6 CM, NEUTRE BLANC, BLANC","image":"https://www.alliancelec.fr/44473-home_default/dalle-led-40w-4400-lumens-gtv.jpg","id_l":71},{"nom_l":" PAVE LED 600X600 32W 4000K ","prix_l":"32,28 €TTC","description":" PANEL LED 600x600 UGR<19 BACKLIT 32W 3500LM 110LM/W 4000K IP20 IK02 ACIER ET PMMA IRC>80 NON DIMMABLE 50000H 5 ANS L70B50","image":"https://www.alliancelec.fr/131347-home_default/pave-led-600x600-32w-4000k.jpg","id_l":72},{"nom_l":" Dalle 600x600 Pave Led 6000K ","prix_l":"37,66 €TTC","description":" Dalle 600x600 Pave Led 6000K VISION EL, Vendu par 2","image":"https://www.alliancelec.fr/45997-home_default/dalle-600x600-pave-led-6000k.jpg","id_l":73},{"nom_l":" Spot Led Spryte IP44 240V Orientable 6W 60° 4000K / Aurora ","prix_l":"26,16 €TTC","description":" Spot Led Spryte IP44 240V Orientable 6W 60° 4000K, Blanc Froid, gradable, pour Salle de bain, conforme à la norme NFC 15-100","image":"https://www.alliancelec.fr/45987-home_default/spot-led-spryte-ip44-240v-orientable-6w-60-4000k-aurora.jpg","id_l":74},{"nom_l":" Spot Led Spryte IP44 240V Orientable 6W 60° 3000K / Aurora ","prix_l":"25,34 €TTC","description":" Spot Led Spryte IP44 240V Orientable 6W 60° 3000K, Blanc Chaud, gradable, pour Salle de bain, conforme à la norme NFC 15-100","image":"https://www.alliancelec.fr/45985-home_default/spot-led-spryte-ip44-240v-orientable-6w-60-3000k-aurora.jpg","id_l":75},{"nom_l":" Spot Led Spryte IP44 240V Fixe 6W 60° 4000K / Aurora ","prix_l":"26,16 €TTC","description":" Spot Led Spryte IP44 240V Fixe 6W 60° 4000K, Blanc Froid, gradable, pour Salle de bain, conforme à la norme NFC 15-100","image":"https://www.alliancelec.fr/45982-home_default/spot-led-spryte-ip44-240v-fixe-6w-60-4000k-aurora.jpg","id_l":76},{"nom_l":" Lampe à poser Olaf - Reine des neiges / Paladone ","prix_l":"12,90 €TTC","description":" Reine des neiges - Disney Lampe Olaf / Paladone Recharge sur batterie ou via câble USB Hauteur : 20 cm","image":"https://www.alliancelec.fr/45891-home_default/lampe-a-poser-olaf-reine-des-neiges-paladone.jpg","id_l":77},{"nom_l":" Stormtrooper Icon Light - Disney / Paladone ","prix_l":"12,99 €TTC","description":" Icon Light Stormtrooper Star Wars - Disney  Taille 12cm Alimentation : 2 pile AAA (non fournies)","image":"https://www.alliancelec.fr/45887-home_default/stormtrooper-icon-light-disney-paladone.jpg","id_l":78},{"nom_l":" Rey Icon Light - Disney / Paladone ","prix_l":"12,99 €TTC","description":" Icon Light Rey Star Wars - Disney  Taille 12cm Alimentation : 2 pile AAA (non fournies)","image":"https://www.alliancelec.fr/45884-home_default/rey-icon-light-disney-paladone.jpg","id_l":79},{"nom_l":" Chewbacca Icon Light - Disney / Paladone ","prix_l":"12,99 €TTC","description":" Icon Light Chewbacca Star Wars - Disney  Taille 12cm Alimentation : 2 pile AAA (non fournies)","image":"https://www.alliancelec.fr/45881-home_default/chewbacca-icon-light-disney-paladone.jpg","id_l":80},{"nom_l":" Spot Led Spryte IP44 240V Fixe 6W 60° 3000K / Aurora ","prix_l":"26,16 €TTC","description":" Spot Led Spryte IP44 240V Fixe 6W 60° 3000K, Blanc Chaud, gradable, pour Salle de bain, conforme à la norme NFC 15-100","image":"https://www.alliancelec.fr/45269-home_default/spot-led-spryte-ip44-240v-fixe-6w-60-3000k-aurora.jpg","id_l":81},{"nom_l":" Figurine lumineuse - Mickey / Pixel Pals ","prix_l":"12,49 €TTC","description":" Figurine Pixel pals Mickey   Taille 15cm  Dispose d'un interrupteur à l'arrière de la figurine afin de pouvoir illuminer le produit Alimentation : 2 pile AAA (non fournies)","image":"https://www.alliancelec.fr/45132-home_default/figurine-lumineuse-mickey-pixel-pals.jpg","id_l":82},{"nom_l":" Figurine lumineuse - Donald / Pixel Pals ","prix_l":"12,49 €TTC","description":" Figurine Pixel pals Donald   Taille 15cm  Dispose d'un interrupteur à l'arrière de la figurine afin de pouvoir illuminer le produit Alimentation : 2 pile AAA (non fournies)","image":"https://www.alliancelec.fr/45131-home_default/figurine-lumineuse-donald-pixel-pals.jpg","id_l":83},{"nom_l":" Figurine lumineuse - Super Mario Bros 3 / Pixel Pals ","prix_l":"12,49 €TTC","description":" Figurine Pixel pals Super Mario Bros 3   Taille 15cm  Dispose d'un interrupteur à l'arrière de la figurine afin de pouvoir illuminer le produit Alimentation : 2 pile AAA (non fournies)","image":"https://www.alliancelec.fr/45130-home_default/figurine-lumineuse-super-mario-bros-3-pixel-pals.jpg","id_l":84},{"nom_l":" Figurine lumineuse - Sonic the Hedgehog / Pixel Pals ","prix_l":"12,49 €TTC","description":" Figurine Pixel pals Sonic the Hedgehog Taille 15cm  Dispose d'un interrupteur à l'arrière de la figurine afin de pouvoir illuminer le produit Alimentation : 2 pile AAA (non fournies)","image":"https://www.alliancelec.fr/45012-home_default/figurine-lumineuse-sonic-the-hedgehog-pixel-pals.jpg","id_l":85},{"nom_l":" Figurine lumineuse - Super Mario World / Pixel Pals ","prix_l":"12,49 €TTC","description":" Figurine Pixel pals Super Mario World  Taille 15cm  Dispose d'un interrupteur à l'arrière de la figurine afin de pouvoir illuminer le produit Alimentation : 2 pile AAA (non fournies)","image":"https://www.alliancelec.fr/45010-home_default/figurine-lumineuse-super-mario-world-pixel-pals.jpg","id_l":86},{"nom_l":" Spot à encaster LED 18W - 1530lm / Osram ","prix_l":"35,25 €TTC","description":" Spot à encaster LED 18W 4000K - 1530lm Osram Fréquence du réseau: 50/60Hz Temp. de couleur: 4000K Teinte de couleur: Blanc Froid Angle de rayonnement: 120° Diamètre: 225mm Diamètre d'encastrement: 210mm Hauteur: 30mm Durée de vie: 30000h Alimentation intégrée / IP20","image":"https://www.alliancelec.fr/44655-home_default/spot-a-encaster-led-18w-1530lm-osram.jpg","id_l":87},{"nom_l":" Kit Marina LED spot encastré - GU5,3 - 5W - Finition Alu... ","prix_l":"35,20 €TTC","description":" Kit Marina LED - GU5,3 - 5W - Alu Brossé / Aurora  Kit spot encastré rond fixe IP65 spécial SDB GU3,55W500 lumensAluminium Brossé","image":"https://www.alliancelec.fr/44554-home_default/kit-marina-led-spot-encastre-gu53-5w-alu-brosse-aurora.jpg","id_l":88},{"nom_l":" Spot LED plafond TORONTO 20W - 1600 lumens / GTV ","prix_l":"8,90 €TTC","description":"","image":"https://www.alliancelec.fr/44477-home_default/spot-led-plafond-toronto-20w-1600-lumens-gtv.jpg","id_l":89},{"nom_l":" Spot LED plafond VOLARE 5W - 400 lumens / GTV ","prix_l":"3,84 €TTC","description":" GTV LUMINAIRE LED VOLARE, DE TYPE DOWNLIGHT, 5 W, 400 LM, AC175250 V, 50 / 60 HZ, PF>0,5, RA>80, IP20, ANGLE D'ÉCLAIRAGE","image":"https://www.alliancelec.fr/44474-home_default/spot-led-plafond-volare-5w-400-lumens-gtv.jpg","id_l":90},{"nom_l":" Dalle LED 40W 4400 lumens / GTV ","prix_l":"64,30 €TTC","description":" GTV PANNEAU LED GALAXY 4 W, 44 LM, AC2224 V, 5 / 6 HZ, IP54, 6X6 CM, NEUTRE BLANC, BLANC","image":"https://www.alliancelec.fr/44473-home_default/dalle-led-40w-4400-lumens-gtv.jpg","id_l":91},{"nom_l":" Ruban LED RVB 5m avec Alim + Telecommande de gestion / GTV ","prix_l":"39,74 €TTC","description":" GTV KIT RUBAN RGB 5M AVEC TELECOMMANDE + CONTROLLER - 25W IP2","image":"https://www.alliancelec.fr/44471-home_default/ruban-led-rvb-5m-avec-alim-telecommande-gestion-gtv.jpg","id_l":92},{"nom_l":" Figurine lumineuse - Mario Racoon / Pixel Pals ","prix_l":"12,45 €TTC","description":" Figurine Pixel pals Mario Racoon   Taille 15cm  Dispose d'un interrupteur à l'arrière de la figurine afin de pouvoir illuminer le produit Alimentation : 2 pile AAA (non fournies)","image":"https://www.alliancelec.fr/45007-home_default/figurine-lumineuse-mario-racoon-pixel-pals.jpg","id_l":93},{"nom_l":" Projecteur musical étoiles Elsa - Reine des Neiges /... ","prix_l":"26,49 €TTC","description":" Projecteur musical étoiles Elsa - Reine des Neiges Projette des étoiles au plafond La figurine Elsa tourne sur elle-même pendant la chanson \"Let it Go\"","image":"https://www.alliancelec.fr/44222-home_default/projecteur-musical-etoiles-elsa-reine-des-neiges-trousselier.jpg","id_l":94},{"nom_l":" Kit Marina LED spot encastré - GU5,3 - 5W / Aurora ","prix_l":"37,99 €TTC","description":" Kit Marina LED - GU5,3 - 5W / Aurora  Kit spot encastré rond fixe IP65 spécial SDB GU3,55W500 lumens","image":"https://www.alliancelec.fr/43602-home_default/kit-marina-led-spot-encastre-gu53-5w-aurora.jpg","id_l":95},{"nom_l":" Lampe de bureau multifonctions à led - GTV ","prix_l":"55,56 €TTC","description":" Lampe de bureau multifonctions à led GTV Thermomètre - Horloge - Calendrier Intensité réglable / Couleurs chaude & froide","image":"https://www.alliancelec.fr/43347-home_default/lampe-bureau-multifonctions-led-gtv.jpg","id_l":96},{"nom_l":" Lampe de bureau rvb à led - GTV ","prix_l":"28,92 €TTC","description":" Lampe de bureau à couleurs (RVB) orientable Contrôle de l'intensité","image":"https://www.alliancelec.fr/43346-home_default/lampe-bureau-rvb-led-gtv.jpg","id_l":97},{"nom_l":" APPLIQUE, NOIR, POWERLED 3.8W 3000K ","prix_l":"189,90 €TTC","description":" Appliqué led tension nominale    240V classe de protection (IP)    IP20 Source Incluse    Oui Classe électrique I largeur    130mm Puissance ECL    1W sortie de lumière    direct Optique    symétrique matériau du couvercle    plastique opalin","image":"https://www.alliancelec.fr/43038-home_default/applique-noir-powerled-38w-3000k.jpg","id_l":98},{"nom_l":" APPLIQUE, ALU BROSSE ANODISE, LED 16.6W 3000K ","prix_l":"719,90 €TTC","description":" Une magnifique tête de lit qui peut servir de double liseuse puisque l'appareil dispose d'une ampoule à chaque extrémité.  Couleur : Gris. Avec un angle de rayonnement de 32°, les spots assurent une lumière de lecture ciblée. Grâce à l’alimentation Led déjà intégrée, ce luminaire est prêt pour le raccordement direct à la tension secteur 230V. Etiquette...","image":"https://www.alliancelec.fr/43037-home_default/applique-alu-brosse-anodise-led-166w-3000k.jpg","id_l":99},{"nom_l":" SPOT LED, APPLIQUE, BLANCHE, E27, LED 3000K SLV ","prix_l":"174,90 €TTC","description":" Plafonnier /Applique murale Classe électrique    I largeur    260mm Puissance ECL    24W Culot    E27 couleur du boîtier    blanc type de tension    AC/CC","image":"https://www.alliancelec.fr/43036-home_default/spot-led-applique-blanche-e27-led-3000k-slv.jpg","id_l":100},{"nom_l":" Spot LED APPLIQUE, NOIRE, E27, LED 3000K, SLV ","prix_l":"179,90 €TTC","description":" Spot led appliqué murale appareil à LED commandé en courant de la gamme SLV Voltagen 230V Kelvin 3000 K. Classe de protection   IP20. D'une puissance de 24 W","image":"https://www.alliancelec.fr/43035-home_default/spot-led-applique-noire-e27-led-3000k-slv.jpg","id_l":101},{"nom_l":" MIROIR MURAL LED, 2X 4,3W, 3000K, IP44 SLV ","prix_l":"369,90 €TTC","description":" Le grand miroir lumineux Trukko éclairera chaleureusement votre salle de bain. 230V - IP44. Dimensions du grand miroir lumineux SLV 80 cm sur 60 cm","image":"https://www.alliancelec.fr/43034-home_default/miroir-mural-led-2x-43w-3000k-ip44-slv.jpg","id_l":102},{"nom_l":" PLAFONNIER LED 220 X 220 18W 4000°K saillie Vision-EL ","prix_l":"27,20 €TTC","description":" PLAFONNIER LED miidex / Vision EL 220 X 220 18W 4000°K (Blanc neutre), 1200 Lumens, installation en saillie","image":"https://www.alliancelec.fr/42584-home_default/plafonnier-led-220-x-220-18w-4000k-saillie-vision-el.jpg","id_l":103},{"nom_l":" KIT POSE EN SAILLIE POUR PLAFONNIERS 60 X 60 CM ","prix_l":"15,99 €TTC","description":" KIT Vision led / Miidex pour une POSE EN SAILLIE des PLAFONNIERS 60 X 60 CM, Kit Compatible avec 7750 / 7750B / 7751B / 7770B / 7768 / 7758 / 7771BC / 7772BC","image":"https://www.alliancelec.fr/42114-home_default/kit-pose-en-saillie-pour-plafonniers-60-x-60-cm.jpg","id_l":104},{"nom_l":" KIT DE POSE EN SAILLIE POUR PLAFONNIERS 30 X 120 CM ","prix_l":"26,98 €TTC","description":" KIT POSE MIIDEX VISION LED EN SAILLIE POUR PLAFONNIERS LED 30 X 120 CM, Dimensions (L x I x H) 300 x 1200 x 43 mm, Finition extérieure Blanche, Emballage    type Boite, Poids Net de l'article 0.717 Kg, Kit Compatible avec    le reférence VIsion Led 7759 / 7760 / 77604","image":"https://www.alliancelec.fr/42113-home_default/kit-de-pose-en-saillie-pour-plafonniers-30-x-120-cm.jpg","id_l":105},{"nom_l":" DISTRIBUTEUR LED 3 ENTREES AVEC MINI AMP ","prix_l":"1,58 €TTC","description":" Le connecteur LZ-AKZ312-10N de la marque GTV à 3 entrées. Ce connecteur vous sera très utile dans le cadre du branchement de spot pour meubles. Il permet de réaliser une connexion entre les spots et l'alimentation. ","image":"https://www.alliancelec.fr/41785-home_default/distributeur-led-6-entrees-avec-mini-amp.jpg","id_l":106},{"nom_l":" PARA 380 AVEC REFLECTEUR, NOIR, E27, MAX. 160W ","prix_l":"147,90 €TTC","description":" Cette lampe à une puissance de 160 W pour une tension de 230 V. Ensemble de couleur noir. La douille est un E27, le type de protection est un IP20, la répartition lumineuse est asymétrique. Diamètre externe: 380 mm.","image":"https://www.alliancelec.fr/40981-home_default/para-380-avec-reflecteur-noir-e27-max-160w.jpg","id_l":107},{"nom_l":" LUSTRE NOSTALGIE NOIR E27 S/LPE ","prix_l":"269,90 €TTC","description":" Ce lustre intérieur à une puissance de 100 w, pour une tension de 230 V, le matériau utilisé est l'acier émaillé, idéal pour une pièce tel que la cuisine. Douille E27, de couleur noir.","image":"https://www.alliancelec.fr/40980-home_default/lustre-nostalgie-noir-e27-slpe.jpg","id_l":108},{"nom_l":" PROJECTEUR ENCASTRE BLANC, LED HO 4000K 28W 27 ","prix_l":"126,91 €TTC","description":" Ce projecteur encastré blanc à une température de couleur de 4000, une source lumineuse LED HO, le type de diffusion est simple, la puissance est de 22w, pour un indice de protection IP20","image":"https://www.alliancelec.fr/40977-home_default/projecteur-encastre-blanc-led-ho-4000k-28w-27.jpg","id_l":109},{"nom_l":" METROPOLIS LED BLC 45W/4200K ","prix_l":"216,90 €TTC","description":" La puissance de se spot Led est de 45W, pour une intensité lumineuse de 4200 K et un flux lumineux de 4100 lm, ce qui vous garanti une capacité éclairante très importante.","image":"https://www.alliancelec.fr/40976-home_default/metropolis-led-blc-45w4200k.jpg","id_l":110},{"nom_l":" GREENSPACE ACCENT GRIDLIGHT LED27S/830 PSE-E ","prix_l":"478,80 €TTC","description":" Le Spot LED GREENSPACE plafonnier peut servir d'alimentation externe pour un éclairage de sécurité. Avec un faisceau 24DEG et un système flux de 2700 lm.","image":"https://www.alliancelec.fr/40975-home_default/greenspace-accent-gridlight-led27s830-pse-e.jpg","id_l":111},{"nom_l":" Led mural 40D-G2 FS1 OSRAM ","prix_l":"139,90 €TTC","description":" La gamme Osram cherche constamment à innover en proposant des produits de qualités. Fournissant une luminosité efficace tout en pensant à la planète","image":"https://www.alliancelec.fr/40974-home_default/led-mural-40d-g2-fs1-osram.jpg","id_l":112},{"nom_l":" LED PROJECTEUR 3 PHASES BLANC, LED 4000K 28W ","prix_l":"237,90 €TTC","description":" La led projecteur peut être utilisé pour éclairé un endroit précis d'une pièce. Avec une puissance de 28 W et une intensité lumineuse de 4000 K","image":"https://www.alliancelec.fr/40972-home_default/led-projecteur-3-phases-blanc-led-4000k-28w.jpg","id_l":113},{"nom_l":" PARA CONE 40, SUSPENSION RONDE, NOIR LAQUE, MAX. 60W ","prix_l":"249,90 €TTC","description":" La suspension PARA CONE 40 230 V est munie d'un très grand abat-jour disponible en plusieurs versions de couleur. En plus des composants en aluminium de qualité supérieure utilisés, la suspension PARA CONE 40 est dotée d'un câble de raccordement gainé de textile rouge.","image":"https://www.alliancelec.fr/40956-home_default/para-cone-40-suspension-ronde-noir-laque-max-60w.jpg","id_l":114},{"nom_l":" ROTOBALL SWING 50, E27 24W, SUSPENSION, BLANCHE ","prix_l":"322,90 €TTC","description":" Fonctionnelle et esthétique, la suspension ROTOBALL SWING 50 outdoor. La suspension ROTOBALL SWING 50 crée une atmosphère agréable et unique.","image":"https://www.alliancelec.fr/40953-home_default/rotoball-swing-50-e27-24w-suspension-blanche.jpg","id_l":115},{"nom_l":" ROTOBALL SWING 40, SUSPENSION, BLANCHE, E27 ","prix_l":"249,90 €TTC","description":" Fonctionnelle et esthétique, la suspension ROTOBALL SWING 40 sphère, blanche/gris argenté, Ø 40 cm, max. 24 W outdoor est pourvue d'une  chaîne et d'un mousqueton pour un usage extérieur également.  La suspension outdoor est livrée avec un câble de 2,5 m de long et peut être directement branchée sur le réseau 230 V.","image":"https://www.alliancelec.fr/40952-home_default/rotoball-swing-40-suspension-blanche-e27.jpg","id_l":116},{"nom_l":" ROTOBALL SWING 25, SUSPENSION, BLANCHE, E27 ","prix_l":"169,90 €TTC","description":" Fonctionnelle et esthétique, la suspension ROTOBALL SWING 25 outdoor est pourvue d'une chaîne et d'un mousqueton pour un usage extérieur également.  Sphère, blanche/gris argenté, Ø 25 cm, max. 24 W","image":"https://www.alliancelec.fr/40949-home_default/rotoball-swing-25-suspension-blanche-e27.jpg","id_l":117},{"nom_l":" ROTOBALL 50 SUSPENSION, GRIS ARGENT/BLANC, E27 ","prix_l":"262,90 €TTC","description":" La suspension sphérique 230 V ROTOBALL 50 se compose d'un abat-jour en plastique résistant aux températures, rehaussé d'un support en acier gris argenté. Cette lampe convient pour les ampoules des classes d'efficacité énergétique : A - A+. TC-TSE, gris argenté/blanc, Ø 50 cm, max. 24 W","image":"https://www.alliancelec.fr/40945-home_default/rotoball-50-suspension-gris-argentblanc-e27.jpg","id_l":118},{"nom_l":" ROTOBALL 40 SUSPENSION, BLANC, E27, MAX. 24W ","prix_l":"189,90 €TTC","description":" La suspension sphérique 230 V ROTOBALL 40 se compose d'un abat-jour en plastique résistant aux températures, rehaussé d'un support en acier gris argenté. Cette lampe convient pour les ampoules des classes d'efficacité énergétique : A - A+","image":"https://www.alliancelec.fr/40944-home_default/rotoball-40-suspension-blanc-e27-max-24w.jpg","id_l":119},{"nom_l":" CARISO WL- 2, APPLIQUE, COULEUR LAITON, LED 7,5W, 3000K ","prix_l":"214,90 €TTC","description":" L'applique CARISO WL-2 fascine d'une puissance de 7,6 par sa forme exceptionnelle et avec sa forte valeur de reconnaissance. L'intérieur du boîtier en laiton en combinaison avec les LED Premium incorporées, garantit un effet lumineux particulièrement chaud. Laiton","image":"https://www.alliancelec.fr/40942-home_default/cariso-wl-2-applique-noirlaiton-led-75w-3000k.jpg","id_l":120},{"nom_l":" CARISO WL- 2, APPLIQUE, BLANC/LAITON, LED 7,5W, 3000K ","prix_l":"208,90 €TTC","description":"  L'intérieur du boîtier en laiton en combinaison avec les LED Premium incorporées, garantit un effet lumineux particulièrement chaud. L'applique CARISO WL-2 fascine par sa forme exceptionnelle et avec sa forte valeur de reconnaissance. Couleur 3000, pour une puissance de 7,6 W","image":"https://www.alliancelec.fr/40943-home_default/cariso-wl-2-applique-noirlaiton-led-75w-3000k.jpg","id_l":121},{"nom_l":" CARISO WL- 2, APPLIQUE, NOIR/LAITON, LED 7,5W, 3000K ","prix_l":"219,90 €TTC","description":" L'applique CARISO WL-2 fascine par sa forme exceptionnelle et avec sa forte valeur de reconnaissance. L'intérieur du boîtier en laiton en combinaison avec les LED Premium incorporées, garantit un effet lumineux particulièrement chaud.","image":"https://www.alliancelec.fr/40934-home_default/cariso-wl-2-applique-noirlaiton-led-75w-3000k.jpg","id_l":122},{"nom_l":" Cariso 1. led 7.6w. 3000k applique. laiton. ","prix_l":"217,90 €TTC","description":" L'applique CARISO WL-1 fascine par sa forme exceptionnelle et avec sa forte valeur de reconnaissance.Avec une couleur de 3000 K.","image":"https://www.alliancelec.fr/40931-home_default/cariso-1-applique-noirlaiton-led-76w-3000k.jpg","id_l":123},{"nom_l":" Cariso 1. led 7.6w. 3000k applique. blanc/laiton. ","prix_l":"209,90 €TTC","description":" L'applique CARISO WL-1 fascine par sa forme exceptionnelle et avec sa forte valeur de reconnaissance.Avec une couleur de 3000 K.","image":"https://www.alliancelec.fr/40924-home_default/cariso-1-applique-noirlaiton-led-76w-3000k.jpg","id_l":124},{"nom_l":" Cariso 1. applique. noir/laiton. led 7.6w. 3000k ","prix_l":"227,90 €TTC","description":" L'applique CARISO WL-1 fascine par sa forme exceptionnelle et avec sa forte valeur de reconnaissance.Avec une couleur de 3000 K. Pour une tension de 230 V","image":"https://www.alliancelec.fr/40915-home_default/cariso-1-applique-noirlaiton-led-76w-3000k.jpg","id_l":125},{"nom_l":" ROTOBALL 25, SUSPENSION, GRIS ARGENT/BLANC, E27 ","prix_l":"159,90 €TTC","description":" La suspension sphérique 230 V ROTOBALL 25 se compose d'un abat-jour en plastique résistant aux températures, rehaussé d'un support en acier gris argenté. Maximum 24 w.","image":"https://www.alliancelec.fr/40914-home_default/rotoball-25-suspension-gris-argentblanc-e27.jpg","id_l":126},{"nom_l":" PENTULI LED 24, SUSPENSION, PETIT DIAMETRE, BLANCHE, 31W ","prix_l":"314,90 €TTC","description":" La suspension PENTULI au design classique est disponible en blanc, et est équipée d'un module LED puissant avec un angle de rayonnement de 30°.","image":"https://www.alliancelec.fr/40913-home_default/pentuli-led-24-suspension-petit-diametre-blanche-31w.jpg","id_l":127},{"nom_l":" PENTULI LED 24, SUSPENSION, PETIT DIAMETRE, NOIRE, 31W, 3000 ","prix_l":"324,90 €TTC","description":" La suspension PENTULI au design classique est disponible en noir, et est équipée d'un module LED puissant avec un angle de rayonnement de 30°. 3000 K, patère noire, 31 W","image":"https://www.alliancelec.fr/40912-home_default/pentuli-led-24-suspension-petit-diametre-noire-31w-3000.jpg","id_l":128},{"nom_l":" PENTULI LED 38, SUSPENSION, GRAND DIAMETRE, COULEUR Noir,... ","prix_l":"409,90 €TTC","description":" La suspension PENTULI au design classique est disponible en blanc, et est équipée d'un module LED puissant avec un angle de rayonnement de 35°. 3000 K, patère blanc, 43 W.","image":"https://www.alliancelec.fr/40911-home_default/pentuli-led-38-suspension-grand-diametre-noire-43w-3000.jpg","id_l":129},{"nom_l":" PENTULI LED 38, SUSPENSION, GRAND DIAMETRE, NOIRE, 43W, 3000 ","prix_l":"409,90 €TTC","description":" La suspension PENTULI au design classique est disponible en noir, et est équipée d'un module LED puissant avec un angle de rayonnement de 35°. 3000 K, patère noire, 43 W.","image":"https://www.alliancelec.fr/40909-home_default/pentuli-led-38-suspension-grand-diametre-noire-43w-3000.jpg","id_l":130},{"nom_l":" ENCASTRE DE PLAFOND ROND OCCULDAS 23 , BLANC, LED 3000K, 22W ","prix_l":"315,90 €TTC","description":" Le plafonnier encastré OCCULDAS 23 exclusif et dimmable, L'écran au milieu assure un éclairage d'ambiance non éblouissant, 3000 K, rond, blanc, 25 W","image":"https://www.alliancelec.fr/40906-home_default/encastre-de-plafond-rond-occuldas-23-blanc-led-3000k-22w.jpg","id_l":131},{"nom_l":" PLAFONNIER OCCULDAS 23 LED, ROND, BLANC, 3000K ","prix_l":"289,90 €TTC","description":" Le plafonnier apparent OCCULDAS 23 exclusif et dimmable, qui porte la griffe David Morgan dispose d'une LED Premium. LED, 3000 K, rond, blanc, 25 W","image":"https://www.alliancelec.fr/40902-home_default/plafonnier-occuldas-23-led-rond-blanc-3000k.jpg","id_l":132},{"nom_l":" SPOT ENCASTRÉ DOWNLIGHT 23, 4000K, rond, blanc, sans... ","prix_l":"229,90 €TTC","description":" Le DOWNLIGHT 23 est équipé d'une LED SMD incorporée de 33W. 4000K, rond, blanc, sans driver.","image":"https://www.alliancelec.fr/40899-home_default/spot-encastre-downlight-23-4000k-rond-blanc-sans-driver-33-w.jpg","id_l":133},{"nom_l":" DOWNLIGHT 70/3, ROND, BLANC, 33W, SMD LED, 3000K ","prix_l":"229,90 €TTC","description":" Le DOWNLIGHT 23 est équipé d'une LED SMD incorporée avec une puissance de 33W. De forme ronde, blanc, 3000 K, sans driver.","image":"https://www.alliancelec.fr/40897-home_default/downlight-703-rond-blanc-33w-smd-led-3000k.jpg","id_l":134},{"nom_l":" DOWNLIGHT 60/3, ROND, BLANC, 27W, SMD LED, 4000K ","prix_l":"219,90 €TTC","description":"  Le spot led encasrtré d'une puissance de 28w. Grâce au driver LED incorporé, le LED DOWNLIGHT 60/3 peut directement être branché au réseau 230 V. 4000 K, rond, blanc","image":"https://www.alliancelec.fr/40894-home_default/downlight-603-rond-blanc-27w-smd-led-4000k.jpg","id_l":135},{"nom_l":" DOWNLIGHT 60/3, ROND, ENCASTRE, BLANC, 27W, SMD LED, 3000K ","prix_l":"219,90 €TTC","description":" Le DOWNLIGHT 23 est équipé d'une LED SMD incorporée de 28 W. LED, 3000 K, rond, blanc, 28 W, 230 V.","image":"https://www.alliancelec.fr/40891-home_default/downlight-603-rond-encastre-blanc-27w-smd-led-3000k.jpg","id_l":136},{"nom_l":" Spot encastré 23, ROND, BLANC, 18W, SMD LED, 4000K ","prix_l":"176,90 €TTC","description":" Le DOWNLIGHT 23 est équipé d'une LED SMD incorporée de 20W. Le spot encastré réalisé en aluminium et plastique. 4000K, rond, blanc.","image":"https://www.alliancelec.fr/40887-home_default/spot-encastre-23-rond-blanc-18w-smd-led-4000k.jpg","id_l":137},{"nom_l":" VISSARDO, MIROIR COSMETIQUE A POSER LED, 5,5W, 3000K ","prix_l":"216,90 €TTC","description":" La lampe de table VISSARDO chrome, 3000 K, driver LED est équipée d'un miroir cosmétique pivotant et inclinable et d'une face avec grossissement triple.","image":"https://www.alliancelec.fr/40885-home_default/vissardo-miroir-cosmetique-a-poser-led-55w-3000k.jpg","id_l":138},{"nom_l":" MIROIR MURAL COSMETIQUE LED, 5,8W, 3000K, IP44 ","prix_l":"212,90 €TTC","description":" Le miroir cosmétique VISSARDO 3000 K, chrome/blanc, h : 60 cm, driver LED incl. est fixé avec trois articulations à deux bras mobiles pivotants de 355°. Ceci permet de le rapprocher aisément et de le replier contre le mur après utilisation.","image":"https://www.alliancelec.fr/40882-home_default/miroir-mural-cosmetique-led-58w-3000k-ip44.jpg","id_l":139},{"nom_l":" TRUKKO 60, APPLIQUE LED, 2W, IP44, CHROME/BLANC ","prix_l":"186,90 €TTC","description":" Le design élégant et effilé de l'applique TRUKKO 60 LED, 3000 K, chrome/blanc, h : 60 cm, driver LED incl. En plastique blanc avec des parties en fonte de zinc chromée a une forte valeur de reconnaissance.","image":"https://www.alliancelec.fr/40879-home_default/trukko-60-applique-led-2w-ip44-chromeblanc.jpg","id_l":140},{"nom_l":" TRUKKO 90, APPLIQUE LED, 2W, IP44, CHROME/BLANC ","prix_l":"201,90 €TTC","description":" Le design élégant et effilé de l'applique TRUKKO 90 en plastique blanc avec des parties en fonte de zinc chromée a une forte valeur de reconnaissance. 3000 K, chrome/blanc, h : 90 cm, driver LED","image":"https://www.alliancelec.fr/40875-home_default/trukko-90-applique-led-2w-ip44-chromeblanc.jpg","id_l":141},{"nom_l":" DEVINSIMPLE, APPLIQUE, RONDE,CHROME, VERRE SATINE, E14 MAX.1 ","prix_l":"129,90 €TTC","description":" L'applique DEVIN 230 V en acier chromé est pourvue d'un cylindre en verre satin à 1 lampe, LED E14, ronde, chrome, verre satiné, 6,7 x 9,4 x 24 cm (Lxlxh), 12.","image":"https://www.alliancelec.fr/40874-home_default/devinsimple-applique-rondechrome-verre-satine-e14-max1.jpg","id_l":142},{"nom_l":" SPOT ENCASTRÉ DOWNLIGHT 23 blanc chaud, 20W ","prix_l":"176,90 €TTC","description":" SPOT ENCASTRÉ DOWNLIGHT 23 blanc chaud, 20W. Grâce au driver LED incorporé, le DONWLIGHT 23 peut directement être branché au réseau 230 V.","image":"https://www.alliancelec.fr/40867-home_default/spot-encastre-downlight-23-blanc-chaud-20w.jpg","id_l":143},{"nom_l":" DOWNLIGHT 20, ROND, BLANC, 15W, SMD LED, 4000K ","prix_l":"132,90 €TTC","description":" Le spot encastré réalisé en aluminium et plastique est disponible avec une couleur de lumière blanc neutre, 4000K, rond, 15W","image":"https://www.alliancelec.fr/40864-home_default/downlight-20-rond-blanc-15w-smd-led-4000k.jpg","id_l":144},{"nom_l":" DOWNLIGHT 20, ROND, BLANC, 15W, SMD LED, 3000K ","prix_l":"132,90 €TTC","description":" Le DOWNLIGHT 20 est équipé d'une LED SMD incorporée de 15W. Le spot encastré réalisé en aluminium et plastique est disponible avec une couleur de lumière blanc chaud.","image":"https://www.alliancelec.fr/40861-home_default/downlight-20-rond-blanc-15w-smd-led-3000k.jpg","id_l":145},{"nom_l":" LED APPLIQUE, CHROME, VERRE SATINE, COUPA FLEX, 1XG9 MAX.... ","prix_l":"226,90 €TTC","description":" L'applique COUPA FLEX se démarque par un mélange réussi d'éléments en acier chromé et verre et est équipée d'une liseuse dotée de LED de puissance de 1 W blanc chaud en plus de la source lumineuse principale.","image":"https://www.alliancelec.fr/40857-home_default/led-applique-chrome-verre-satine-coupa-flex-1xg9-max-40w.jpg","id_l":146},{"nom_l":" PLASTRA BOX 3 PLAFONNIER, CARRE, PLATRE BLANC, 3X GU10 , MAX ","prix_l":"194,90 €TTC","description":" Comme tous les luminaires en plâtre, la lampe PLASTA BOX peut être peinte à l'aide d'une peinture murale au choix, après application d'un primaire.","image":"https://www.alliancelec.fr/40853-home_default/plastra-box-3-plafonnier-carre-platre-blanc-3x-gu10-max.jpg","id_l":147},{"nom_l":" PLASTRA BOX 2 PLAFONNIER, CARRE, PLATRE BLANC, 2X GU10 , MAX ","prix_l":"139,90 €TTC","description":" La lampe peut être raccordée directement au réseau 230 V. Avec une tête d'éclairage pivotante et inclinable, la lampe peut être orientée exactement selon les besoins. Produit garanti 2 ans.","image":"https://www.alliancelec.fr/40852-home_default/plastra-box-2-plafonnier-carre-platre-blanc-2x-gu10-max.jpg","id_l":148},{"nom_l":" PLAFONNIER PLASTRA BOX GU10, MAX. 35 ","prix_l":"102,90 €TTC","description":" Conçue pour recevoir jusqu'à trois ampoules halogènes ou LED GU10, en fonction du modèle, la lampe peut être raccordée directement au réseau 230 V.","image":"https://www.alliancelec.fr/40851-home_default/plafonnier-plastra-box-gu10-max-35.jpg","id_l":149},{"nom_l":" PLASTRA PLAFONNIER, CARRE, PLATRE BLANC, GU10, MAX. 35W ","prix_l":"74,90 €TTC","description":" La lampe peut directement être branchée au réseau 230 V. Le papier de verre fourni permet de nettoyer sa surface.","image":"https://www.alliancelec.fr/40848-home_default/plastra-plafonnier-carre-platre-blanc-gu10-max-35w.jpg","id_l":150},{"nom_l":" PLASTRA CUBE APPLIQUE, CARRE, PLATRE BLANC, G9, MAX. 42W ","prix_l":"66,90 €TTC","description":" Avec le luminaire en plâtre PLASTRA, vous disposez d'une applique UP/DOWN exclusive aux formes pures et claires. Préparée pour une ampoule halogène G9 ou une ampoule LED rétrofit","image":"https://www.alliancelec.fr/40844-home_default/plastra-cube-applique-carre-platre-blanc-g9-max-42w.jpg","id_l":151},{"nom_l":"lasttry23test","prix_l":"lasttry23789012 FCFA","description":"lasttry23Someexcept description","image":"lasttry23image_url","id_l":154}]